PC_Time,Arduino_Time,Pos_H_Steps,Pos_V_Steps,Pos_R_Steps,Status_Bits
1764862795.533279,50,0,0,0,0
1764862795.583404,100,0,0,0,0
1764862795.633734,150,0,0,0,0
1764862795.684148,200,0,0,0,0
1764862795.734377,250,0,0,0,0
1764862795.7837172,300,0,0,0,0
1764862795.834058,350,0,0,0,0
1764862795.8842938,400,0,0,0,0
1764862795.9346838,450,0,0,0,0
1764862795.98503,500,0,0,0,0
1764862796.03526,550,0,0,0,0
1764862796.0843399,600,0,0,0,0
1764862796.1348171,650,0,0,0,0
1764862796.1852102,700,0,0,0,0
1764862796.235393,750,0,0,0,0
1764862796.2857752,800,0,0,0,0
1764862796.336152,850,0,0,0,0
1764862796.385327,900,0,0,0,0
1764862796.435714,950,0,0,0,0
1764862796.486073,1000,0,0,0,0
1764862796.5362859,1050,0,0,0,0
1764862796.586563,1100,0,0,0,0
1764862796.6370602,1150,0,0,0,0
1764862796.686353,1200,0,0,0,0
1764862796.7365592,1250,0,0,0,0
1764862796.7869499,1300,0,0,0,0
1764862796.837097,1350,0,0,0,0
1764862796.8875341,1400,0,0,0,0
1764862796.937912,1451,0,0,0,0
1764862796.988121,1501,0,0,0,0
1764862797.038499,1551,0,0,0,0
1764862797.088886,1601,0,0,0,0
1764862797.138997,1651,0,0,0,0
1764862797.189486,1701,0,0,0,0
1764862797.238636,1751,0,0,0,0
1764862797.289014,1801,0,0,0,0
1764862797.339343,1851,0,0,0,0
1764862797.389607,1901,0,0,0,0
1764862797.440047,1951,0,0,0,0
1764862797.4903538,2001,0,0,0,0
1764862797.5395231,2051,0,0,0,0
1764862797.589907,2101,0,0,0,0
1764862797.6402628,2151,0,0,0,0
1764862797.690455,2201,0,0,0,0
1764862797.7408278,2251,0,0,0,0
1764862797.7912152,2301,0,0,0,0
1764862797.8404,2351,0,0,0,0
1764862797.8907719,2401,0,0,0,0
1764862797.941154,2451,0,0,0,0
1764862797.9913568,2501,0,0,0,0
1764862798.041713,2551,0,0,0,0
1764862798.092076,2601,0,0,0,0
1764862798.141282,2651,0,0,0,0
1764862798.191628,2701,0,0,0,0
1764862798.241724,2751,0,0,0,0
1764862798.292186,2801,0,0,0,0
1764862798.342587,2851,0,0,0,0
1764862798.39279,2902,0,0,0,0
1764862798.443177,2952,0,0,0,0
1764862798.4935381,3002,0,0,0,0
1764862798.543753,3052,0,0,0,0
1764862798.594128,3102,0,0,0,0
1764862798.64499,3152,0,0,0,0
1764862798.693682,3202,0,0,0,0
1764862798.7440598,3252,0,0,0,0
1764862798.794396,3302,0,0,0,0
1764862798.844589,3352,0,0,0,0
1764862798.895008,3402,0,0,0,0
1764862798.94536,3452,0,0,0,0
1764862798.994543,3502,0,0,0,0
1764862799.044897,3552,0,0,0,0
1764862799.0952718,3602,0,0,0,0
1764862799.145474,3652,0,0,0,0
1764862799.1958358,3702,0,0,0,0
1764862799.2461178,3752,0,0,0,0
1764862799.295406,3802,0,0,0,0
1764862799.345769,3852,0,0,0,0
1764862799.3960152,3902,0,0,0,0
1764862799.446369,3952,0,0,0,0
1764862799.496771,4002,0,0,0,0
1764862799.547025,4052,0,0,0,0
1764862799.5962062,4102,0,0,0,0
1764862799.646702,4152,0,0,0,0
1764862799.696795,4202,0,0,0,0
1764862799.747259,4252,0,0,0,0
1764862799.797484,4302,0,0,0,0
1764862799.846812,4352,0,0,0,0
1764862799.8971882,4402,0,0,0,0
1764862799.9474099,4452,0,0,0,0
1764862799.997652,4502,0,0,0,0
1764862800.04804,4552,0,0,0,0
1764862800.0983849,4602,0,0,0,0
1764862800.147729,4652,0,0,0,0
1764862800.198091,4702,0,0,0,0
1764862800.248297,4752,0,0,0,0
1764862800.2986848,4802,0,0,0,0
1764862800.349059,4852,0,0,0,0
1764862800.399162,4902,0,0,0,0
1764862800.4486241,4952,0,0,0,0
1764862800.498805,5002,0,0,0,0
1764862800.549223,5052,0,0,0,0
1764862800.59956,5102,0,0,0,0
1764862800.649785,5152,0,0,0,0
1764862800.700168,5202,0,0,0,0
1764862800.749335,5252,0,0,0,0
1764862800.7997172,5302,0,0,0,0
1764862800.8501341,5352,0,0,0,0
1764862800.90037,5402,0,0,0,0
1764862800.9507551,5452,0,0,0,0
1764862801.0009742,5502,0,0,0,0
1764862801.050293,5552,0,0,0,0
1764862801.1006851,5602,0,0,0,0
1764862801.150896,5652,0,0,0,0
1764862801.201288,5702,0,0,0,0
1764862801.251637,5752,0,0,0,0
1764862801.301853,5803,0,0,0,0
1764862801.352233,5853,0,0,0,0
1764862801.402425,5903,0,0,0,0
1764862801.452787,5953,0,0,0,0
1764862801.5031722,6003,0,0,0,0
1764862801.5533922,6053,0,0,0,0
1764862801.602746,6103,0,0,0,0
1764862801.652949,6153,0,0,0,0
1764862801.7033432,6203,0,0,0,0
1764862801.753718,6253,0,0,0,0
1764862801.803957,6303,0,0,0,0
1764862801.854284,6353,0,0,0,0
1764862801.9036422,6403,0,0,0,0
1764862801.9538581,6453,0,0,0,0
1764862802.004232,6503,0,0,0,0
1764862802.0545762,6553,0,0,0,0
1764862802.104783,6603,0,0,0,0
1764862802.155187,6653,0,0,0,0
1764862802.204535,6703,0,0,0,0
1764862802.254771,6753,0,0,0,0
1764862802.305148,6803,0,0,0,0
1764862802.355371,6853,0,0,0,0
1764862802.405744,6903,0,0,0,0
1764862802.455966,6953,0,0,0,0
1764862802.5053482,7003,0,0,0,0
1764862802.5554812,7053,0,0,0,0
1764862802.605946,7103,0,0,0,0
1764862802.65616,7153,0,0,0,0
1764862802.706552,7203,0,0,0,0
1764862802.756937,7254,0,0,0,0
1764862802.80714,7304,0,0,0,0
1764862802.8575869,7354,0,0,0,0
1764862802.907742,7404,0,0,0,0
1764862802.958112,7454,0,0,0,0
1764862803.00848,7504,0,0,0,0
1764862803.0576682,7554,0,0,0,0
1764862803.107934,7604,0,0,0,0
1764862803.158429,7654,0,0,0,0
1764862803.208637,7704,0,0,0,0
1764862803.259001,7754,0,0,0,0
1764862803.30939,7804,0,0,0,0
1764862803.3585541,7854,0,0,0,0
1764862803.4089441,7904,0,0,0,0
1764862803.45934,7954,0,0,0,0
1764862803.509522,8004,0,0,0,0
1764862803.55994,8054,0,0,0,0
1764862803.6102772,8104,0,0,0,0
1764862803.659461,8154,0,0,0,0
1764862803.709847,8204,0,0,0,0
1764862803.7600188,8254,0,0,0,0
1764862803.810396,8304,0,0,0,0
1764862803.860746,8354,0,0,0,0
1764862803.9109492,8404,0,0,0,0
1764862803.960314,8454,0,0,0,0
1764862804.010706,8504,0,0,0,0
1764862804.060919,8554,0,0,0,0
1764862804.111295,8604,0,0,0,0
1764862804.161508,8654,0,0,0,0
1764862804.210908,8704,0,0,0,0
1764862804.26122,8754,0,0,0,0
1764862804.3114681,8804,0,0,0,0
1764862804.361919,8854,0,0,0,0
1764862804.4120908,8904,0,0,0,0
1764862804.4624882,8954,0,0,0,0
1764862804.511683,9004,0,0,0,0
1764862804.562067,9054,0,0,0,0
1764862804.612271,9104,0,0,0,0
1764862804.662646,9154,0,0,0,0
1764862804.7130399,9204,0,0,0,0
1764862804.7632508,9254,0,0,0,0
1764862804.812623,9304,0,0,0,0
1764862804.862829,9354,0,0,0,0
1764862804.9132302,9404,0,0,0,0
1764862804.9634292,9454,0,0,0,0
1764862805.0138319,9504,0,0,0,0
1764862805.0642061,9554,0,0,0,0
1764862805.1134138,9604,0,0,0,0
1764862805.163779,9654,0,0,0,0
1764862805.214148,9704,0,0,0,0
1764862805.2643368,9754,0,0,0,0
1764862805.314728,9804,0,0,0,0
1764862805.3651042,9854,0,0,0,0
1764862805.414307,9904,0,0,0,0
1764862805.464652,9954,0,0,0,0
1764862805.5148952,10004,0,0,0,0
1764862805.56522,10054,0,0,0,0
1764862805.615596,10104,0,0,0,0
1764862805.6657789,10155,0,0,0,0
1764862805.716167,10205,0,0,0,0
1764862805.766515,10255,0,0,0,0
1764862805.816742,10305,0,0,0,0
1764862805.867085,10355,0,0,0,0
1764862805.917485,10405,0,0,0,0
1764862805.966697,10455,0,0,0,0
1764862806.017071,10505,0,0,0,0
1764862806.067293,10555,0,0,0,0
1764862806.117676,10605,0,0,0,0
1764862806.168066,10655,0,0,0,0
1764862806.218287,10705,0,0,0,0
1764862806.26763,10755,0,0,0,0
1764862806.3178802,10805,0,0,0,0
1764862806.368235,10855,0,0,0,0
1764862806.418625,10905,0,0,0,0
1764862806.468788,10955,0,0,0,0
1764862806.519192,11005,0,0,0,0
1764862806.568382,11055,0,0,0,0
1764862806.618742,11105,0,0,0,0
1764862806.6690161,11155,0,0,0,0
1764862806.7193449,11205,0,0,0,0
1764862806.769679,11255,0,0,0,0
1764862806.820081,11305,0,0,0,0
1764862806.869285,11355,0,0,0,0
1764862806.919635,11405,0,0,0,0
1764862806.9699929,11455,0,0,0,0
1764862807.020215,11505,0,0,0,0
1764862807.070594,11555,0,0,0,0
1764862807.1207948,11606,0,0,0,0
1764862807.171173,11656,0,0,0,0
1764862807.221592,11706,0,0,0,0
1764862807.27178,11756,0,0,0,0
1764862807.322156,11806,0,0,0,0
1764862807.372545,11856,0,0,0,0
1764862807.4217112,11906,0,0,0,0
1764862807.472091,11956,0,0,0,0
1764862807.522471,12006,0,0,0,0
1764862807.572669,12056,0,0,0,0
1764862807.623038,12106,0,0,0,0
1764862807.673422,12156,0,0,0,0
1764862807.722479,12206,0,0,0,0
1764862807.772929,12256,0,0,0,0
1764862807.8231528,12306,0,0,0,0
1764862807.873523,12356,0,0,0,0
1764862807.9239092,12406,0,0,0,0
1764862807.974102,12456,0,0,0,0
1764862808.0234601,12506,0,0,0,0
1764862808.0738492,12556,0,0,0,0
1764862808.1240041,12606,0,0,0,0
1764862808.1743932,12656,0,0,0,0
1764862808.224802,12706,0,0,0,0
1764862808.275001,12756,0,0,0,0
1764862808.3243608,12806,0,0,0,0
1764862808.3747132,12856,0,0,0,0
1764862808.424941,12906,0,0,0,0
1764862808.4752698,12956,0,0,0,0
1764862808.5257092,13006,0,0,0,0
1764862808.574882,13056,0,0,0,0
1764862808.62523,13106,0,0,0,0
1764862808.675432,13156,0,0,0,0
1764862808.725884,13206,0,0,0,0
1764862808.7761621,13256,0,0,0,0
1764862808.8263628,13306,0,0,0,0
1764862808.8757188,13356,0,0,0,0
1764862808.9261298,13406,0,0,0,0
1764862808.976251,13456,0,0,0,0
1764862809.026607,13506,0,0,0,0
1764862809.07707,13556,0,0,0,0
1764862809.127239,13606,0,0,0,0
1764862809.176616,13656,0,0,0,0
1764862809.2270012,13706,0,0,0,0
1764862809.277162,13756,0,0,0,0
1764862809.327561,13806,0,0,0,0
1764862809.377943,13856,0,0,0,0
1764862809.428145,13906,0,0,0,0
1764862809.477504,13956,0,0,0,0
1764862809.527717,14006,0,0,0,0
1764862809.578073,14056,0,0,0,0
1764862809.628425,14106,0,0,0,0
1764862809.678642,14156,0,0,0,0
1764862809.729006,14206,0,0,0,0
1764862809.778352,14256,0,0,0,0
1764862809.828567,14306,0,0,0,0
1764862809.878807,14356,0,0,0,0
1764862809.9292889,14406,0,0,0,0
1764862809.97965,14456,0,0,0,0
1764862810.029839,14507,0,0,0,0
1764862810.080215,14557,0,0,0,0
1764862810.13058,14607,0,0,0,0
1764862810.180744,14657,0,0,0,0
1764862810.231138,14707,0,0,0,0
1764862810.281475,14757,0,0,0,0
1764862810.330834,14807,0,0,0,0
1764862810.3810282,14857,0,0,0,0
1764862810.431404,14907,0,0,0,0
1764862810.481765,14957,0,0,0,0
1764862810.531986,15007,0,0,0,0
1764862810.582339,15057,0,0,0,0
1764862810.6314838,15107,0,0,0,0
1764862810.681889,15157,0,0,0,0
1764862810.732269,15207,0,0,0,0
1764862810.782466,15257,0,0,0,0
1764862810.832847,15307,0,0,0,0
1764862810.88322,15357,0,0,0,0
1764862810.932418,15407,0,0,0,0
1764862810.982831,15457,0,0,0,0
1764862811.03316,15507,0,0,0,0
1764862811.083325,15557,0,0,0,0
1764862811.133725,15607,0,0,0,0
1764862811.1840909,15657,0,0,0,0
1764862811.2332711,15707,0,0,0,0
1764862811.283623,15757,0,0,0,0
1764862811.333987,15807,0,0,0,0
1764862811.384353,15857,0,0,0,0
1764862811.434556,15907,0,0,0,0
1764862811.484898,15958,0,0,0,0
1764862811.535255,16008,0,0,0,0
1764862811.58547,16058,0,0,0,0
1764862811.635843,16108,0,0,0,0
1764862811.686197,16158,0,0,0,0
1764862811.736405,16208,0,0,0,0
1764862811.785717,16258,0,0,0,0
1764862811.836127,16308,0,0,0,0
1764862811.886315,16358,0,0,0,0
1764862811.9367108,16408,0,0,0,0
1764862811.9870589,16458,0,0,0,0
1764862812.037257,16508,0,0,0,0
1764862812.086612,16558,0,0,0,0
1764862812.136974,16608,0,0,0,0
1764862812.187207,16658,0,0,0,0
1764862812.237487,16708,0,0,0,0
1764862812.287952,16758,0,0,0,0
1764862812.338153,16808,0,0,0,0
1764862812.387511,16858,0,0,0,0
1764862812.4378948,16908,0,0,0,0
1764862812.488072,16958,0,0,0,0
1764862812.538429,17008,0,0,0,0
1764862812.588819,17058,0,0,0,0
1764862812.639028,17108,0,0,0,0
1764862812.688395,17158,0,0,0,0
1764862812.738826,17208,0,0,0,0
1764862812.78895,17258,0,0,0,0
1764862812.839346,17308,0,0,0,0
1764862812.8895428,17358,0,0,0,0
1764862812.938915,17408,0,0,0,0
1764862812.98925,17458,0,0,0,0
1764862813.039455,17508,0,0,0,0
1764862813.089838,17558,0,0,0,0
1764862813.1400661,17608,0,0,0,0
1764862813.190441,17658,0,0,0,0
1764862813.239795,17708,0,0,0,0
1764862813.29,17758,0,0,0,0
1764862813.340402,17808,0,0,0,0
1764862813.390778,17858,0,0,0,0
1764862813.44102,17908,0,0,0,0
1764862813.4913769,17958,0,0,0,0
1764862813.540575,18008,0,0,0,0
1764862813.59092,18058,0,0,0,0
1764862813.641296,18108,0,0,0,0
1764862813.6914701,18158,0,0,0,0
1764862813.741905,18208,0,0,0,0
1764862813.7922611,18258,0,0,0,0
1764862813.8414469,18308,0,0,0,0
1764862813.891813,18358,0,0,0,0
1764862813.942016,18408,0,0,0,0
1764862813.992351,18458,0,0,0,0
1764862814.042791,18508,0,0,0,0
1764862814.093125,18558,0,0,0,0
1764862814.142271,18608,0,0,0,0
1764862814.19268,18658,0,0,0,0
1764862814.243032,18708,0,0,0,0
1764862814.293202,18758,0,0,0,0
1764862814.3435972,18808,0,0,0,0
1764862814.3939772,18859,0,0,0,0
1764862814.444185,18909,0,0,0,0
1764862814.494543,18959,0,0,0,0
1764862814.5449002,19009,0,0,0,0
1764862814.595113,19059,0,0,0,0
1764862814.645468,19109,0,0,0,0
1764862814.694828,19159,0,0,0,0
1764862814.745034,19209,0,0,0,0
1764862814.7954009,19259,0,0,0,0
1764862814.845767,19309,0,0,0,0
1764862814.895954,19359,0,0,0,0
1764862814.946354,19409,0,0,0,0
1764862814.9957,19459,0,0,0,0
1764862815.045908,19509,0,0,0,0
1764862815.096287,19559,0,0,0,0
1764862815.146472,19609,0,0,0,0
1764862815.196862,19659,0,0,0,0
1764862815.247233,19709,0,0,0,0
1764862815.296403,19759,0,0,0,0
1764862815.346797,19809,0,0,0,0
1764862815.3970828,19859,0,0,0,0
1764862815.4472802,19909,0,0,0,0
1764862815.497813,19959,0,0,0,0
1764862815.548137,20009,0,0,0,0
1764862815.597308,20059,0,0,0,0
1764862815.647754,20109,0,0,0,0
1764862815.698059,20159,0,0,0,0
1764862815.748267,20209,0,0,0,0
1764862815.798648,20259,0,0,0,0
1764862815.848971,20310,0,0,0,0
1764862815.899183,20360,0,0,0,0
1764862815.9494872,20410,0,0,0,0
1764862815.999941,20460,0,0,0,0
1764862816.0501351,20510,0,0,0,0
1764862816.10049,20560,0,0,0,0
1764862816.149824,20610,0,0,0,0
1764862816.200043,20660,0,0,0,0
1764862816.250417,20710,0,0,0,0
1764862816.300769,20760,0,0,0,0
1764862816.350975,20810,0,0,0,0
1764862816.401362,20860,0,0,0,0
1764862816.450569,20910,0,0,0,0
1764862816.500968,20960,0,0,0,0
1764862816.551337,21010,0,0,0,0
1764862816.601543,21060,0,0,0,0
1764862816.651938,21110,0,0,0,0
1764862816.7023098,21160,0,0,0,0
1764862816.751501,21210,0,0,0,0
1764862816.801877,21260,0,0,0,0
1764862816.8520708,21310,0,0,0,0
1764862816.902455,21360,0,0,0,0
1764862816.952835,21410,0,0,0,0
1764862817.003048,21460,0,0,0,0
1764862817.052383,21510,0,0,0,0
1764862817.102593,21560,0,0,0,0
1764862817.152972,21610,0,0,0,0
1764862817.203358,21660,0,0,0,0
1764862817.253564,21710,0,0,0,0
1764862817.302922,21760,0,0,0,0
1764862817.353135,21810,0,0,0,0
1764862817.403528,21860,0,0,0,0
1764862817.453913,21910,0,0,0,0
1764862817.5041249,21960,0,0,0,0
1764862817.554519,22010,0,0,0,0
1764862817.603861,22060,0,0,0,0
1764862817.654049,22110,0,0,0,0
1764862817.7044249,22160,0,0,0,0
1764862817.754673,22210,0,0,0,0
1764862817.804975,22260,0,0,0,0
1764862817.8553321,22310,0,0,0,0
1764862817.90474,22360,0,0,0,0
1764862817.954875,22410,0,0,0,0
1764862818.005258,22460,0,0,0,0
1764862818.055617,22510,0,0,0,0
1764862818.10583,22560,0,0,0,0
1764862818.156199,22610,0,0,0,0
1764862818.205525,22660,0,0,0,0
1764862818.255713,22710,0,0,0,0
1764862818.3061209,22760,0,0,0,0
1764862818.35648,22810,0,0,0,0
1764862818.4067378,22860,0,0,0,0
1764862818.457081,22910,0,0,0,0
1764862818.50644,22960,0,0,0,0
1764862818.556664,23010,0,0,0,0
1764862818.607028,23060,0,0,0,0
1764862818.657239,23110,0,0,0,0
1764862818.7075899,23160,0,0,0,0
1764862818.757976,23211,0,0,0,0
1764862818.808131,23261,0,0,0,0
1764862818.858548,23311,0,0,0,0
1764862818.9089432,23361,0,0,0,0
1764862818.959162,23411,0,0,0,0
1764862819.009526,23461,0,0,0,0
1764862819.0587149,23511,0,0,0,0
1764862819.109061,23561,0,0,0,0
1764862819.1593971,23611,0,0,0,0
1764862819.2097678,23661,0,0,0,0
1764862819.259999,23711,0,0,0,0
1764862819.310358,23761,0,0,0,0
1764862819.35971,23811,0,0,0,0
1764862819.409908,23861,0,0,0,0
1764862819.460276,23911,0,0,0,0
1764862819.510721,23961,0,0,0,0
1764862819.560755,24011,0,0,0,0
1764862819.611259,24061,0,0,0,0
1764862819.6604779,24111,0,0,0,0
1764862819.71086,24161,0,0,0,0
1764862819.761232,24211,0,0,0,0
1764862819.811451,24261,0,0,0,0
1764862819.8617752,24311,0,0,0,0
1764862819.912054,24361,0,0,0,0
1764862819.961416,24411,0,0,0,0
1764862820.0116282,24461,0,0,0,0
1764862820.061889,24511,0,0,0,0
1764862820.112275,24561,0,0,0,0
1764862820.16256,24611,0,0,0,0
1764862820.2129762,24662,0,0,0,0
1764862820.2631838,24712,0,0,0,0
1764862820.313594,24762,0,0,0,0
1764862820.363756,24812,0,0,0,0
1764862820.4141388,24862,0,0,0,0
1764862820.464538,24912,0,0,0,0
1764862820.513709,24962,0,0,0,0
1764862820.564094,25012,0,0,0,0
1764862820.61437,25062,0,0,0,0
1764862820.6646268,25112,0,0,0,0
1764862820.715072,25162,0,0,0,0
1764862820.7654521,25212,0,0,0,0
1764862820.814646,25262,0,0,0,0
1764862820.8650172,25312,0,0,0,0
1764862820.91524,25362,0,0,0,0
1764862820.965617,25412,0,0,0,0
1764862821.0159948,25462,0,0,0,0
1764862821.06621,25512,0,0,0,0
1764862821.1155388,25562,0,0,0,0
1764862821.16574,25612,0,0,0,0
1764862821.216118,25662,0,0,0,0
1764862821.266494,25712,0,0,0,0
1764862821.316712,25762,0,0,0,0
1764862821.367032,25812,0,0,0,0
1764862821.416435,25862,0,0,0,0
1764862821.46668,25912,0,0,0,0
1764862821.517034,25962,0,0,0,0
1764862821.567401,26012,0,0,0,0
1764862821.6176178,26062,0,0,0,0
1764862821.666966,26112,0,0,0,0
1764862821.717192,26162,0,0,0,0
1764862821.767549,26212,0,0,0,0
1764862821.8179462,26262,0,0,0,0
1764862821.868115,26312,0,0,0,0
1764862821.91847,26362,0,0,0,0
1764862821.967904,26412,0,0,0,0
1764862822.018089,26462,0,0,0,0
1764862822.068466,26512,0,0,0,0
1764862822.1186419,26562,0,0,0,0
1764862822.169034,26612,0,0,0,0
1764862822.2193751,26662,0,0,0,0
1764862822.268544,26712,0,0,0,0
1764862822.318958,26762,0,0,0,0
1764862822.369331,26812,0,0,0,0
1764862822.419559,26862,0,0,0,0
1764862822.46992,26912,0,0,0,0
1764862822.520285,26962,0,0,0,0
1764862822.569482,27012,0,0,0,0
1764862822.61985,27062,0,0,0,0
1764862822.670211,27112,0,0,0,0
1764862822.7204008,27162,0,0,0,0
1764862822.770793,27212,0,0,0,0
1764862822.821158,27262,0,0,0,0
1764862822.870301,27312,0,0,0,0
1764862822.9207199,27362,0,0,0,0
1764862822.971067,27412,0,0,0,0
1764862823.02127,27462,0,0,0,0
1764862823.071651,27512,0,0,0,0
1764862823.121946,27563,0,0,0,0
1764862823.172312,27613,0,0,0,0
1764862823.2226849,27663,0,0,0,0
1764862823.2728782,27713,0,0,0,0
1764862823.323256,27763,0,0,0,0
1764862823.373564,27813,0,0,0,0
1764862823.422753,27863,0,0,0,0
1764862823.4731169,27913,0,0,0,0
1764862823.523485,27963,0,0,0,0
1764862823.573668,28013,0,0,0,0
1764862823.6240451,28063,0,0,0,0
1764862823.6744041,28113,0,0,0,0
1764862823.7237608,28163,0,0,0,0
1764862823.773938,28213,0,0,0,0
1764862823.824327,28263,0,0,0,0
1764862823.874687,28313,0,0,0,0
1764862823.924889,28363,0,0,0,0
1764862823.9752388,28413,0,0,0,0
1764862824.0245671,28463,0,0,0,0
1764862824.074792,28513,0,0,0,0
1764862824.1251562,28563,0,0,0,0
1764862824.175516,28613,0,0,0,0
1764862824.2257228,28663,0,0,0,0
1764862824.276101,28713,0,0,0,0
1764862824.325456,28763,0,0,0,0
1764862824.375639,28813,0,0,0,0
1764862824.4259992,28863,0,0,0,0
1764862824.476359,28913,0,0,0,0
1764862824.526707,28963,0,0,0,0
1764862824.576897,29014,0,0,0,0
1764862824.6272871,29064,0,0,0,0
1764862824.677509,29114,0,0,0,0
1764862824.7279072,29164,0,0,0,0
1764862824.778263,29214,0,0,0,0
1764862824.8284822,29264,0,0,0,0
1764862824.877813,29314,0,0,0,0
1764862824.9281878,29364,0,0,0,0
1764862824.978365,29414,0,0,0,0
1764862825.02871,29464,0,0,0,0
1764862825.079134,29514,0,0,0,0
1764862825.129312,29564,0,0,0,0
1764862825.1786728,29614,0,0,0,0
1764862825.229035,29664,0,0,0,0
1764862825.2792509,29714,0,0,0,0
1764862825.329638,29764,0,0,0,0
1764862825.3800042,29814,0,0,0,0
1764862825.4302,29864,0,0,0,0
1764862825.479648,29914,0,0,0,0
1764862825.529778,29964,0,0,0,0
1764862825.58013,30014,0,0,0,0
1764862825.630497,30064,0,0,0,0
1764862825.680711,30114,0,0,0,0
1764862825.7310789,30164,0,0,0,0
1764862825.780451,30214,0,0,0,0
1764862825.830657,30264,0,0,0,0
1764862825.881003,30314,0,0,0,0
1764862825.9313731,30364,0,0,0,0
1764862825.981736,30414,0,0,0,0
1764862826.03091,30464,0,0,0,0
1764862826.08128,30514,0,0,0,0
1764862826.131636,30564,0,0,0,0
1764862826.181837,30614,0,0,0,0
1764862826.232213,30664,0,0,0,0
1764862826.282631,30714,0,0,0,0
1764862826.3317912,30764,0,0,0,0
1764862826.382132,30814,0,0,0,0
1764862826.432353,30864,0,0,0,0
1764862826.482717,30914,0,0,0,0
1764862826.5331059,30964,0,0,0,0
1764862826.5832698,31014,0,0,0,0
1764862826.6326451,31064,0,0,0,0
1764862826.6830049,31114,0,0,0,0
1764862826.733381,31164,0,0,0,0
1764862826.783602,31214,0,0,0,0
1764862826.8339589,31264,0,0,0,0
1764862826.884332,31314,0,0,0,0
1764862826.9333801,31364,0,0,0,0
1764862826.983867,31414,0,0,0,0
1764862827.03422,31464,0,0,0,0
1764862827.084419,31514,0,0,0,0
1764862827.134795,31564,0,0,0,0
1764862827.185133,31614,0,0,0,0
1764862827.234315,31664,0,0,0,0
1764862827.28468,31714,0,0,0,0
1764862827.335028,31764,0,0,0,0
1764862827.385227,31814,0,0,0,0
1764862827.43562,31864,0,0,0,0
1764862827.485963,31915,0,0,0,0
1764862827.5363321,31965,0,0,0,0
1764862827.5865989,32015,0,0,0,0
1764862827.636891,32065,0,0,0,0
1764862827.687287,32115,0,0,0,0
1764862827.737461,32165,0,0,0,0
1764862827.786806,32215,0,0,0,0
1764862827.837188,32265,0,0,0,0
1764862827.887371,32315,0,0,0,0
1764862827.937758,32365,0,0,0,0
1764862827.988113,32415,0,0,0,0
1764862828.038323,32465,0,0,0,0
1764862828.087703,32515,0,0,0,0
1764862828.1380181,32565,0,0,0,0
1764862828.188388,32615,0,0,0,0
1764862828.238605,32665,0,0,0,0
1764862828.288948,32715,0,0,0,0
1764862828.3393059,32765,0,0,0,0
1764862828.388483,32815,0,0,0,0
1764862828.438883,32865,0,0,0,0
1764862828.489084,32915,0,0,0,0
1764862828.5394711,32965,0,0,0,0
1764862828.5898292,33015,0,0,0,0
1764862828.639978,33065,0,0,0,0
1764862828.689355,33115,0,0,0,0
1764862828.739768,33165,0,0,0,0
1764862828.789975,33215,0,0,0,0
1764862828.840255,33265,0,0,0,0
1764862828.890691,33315,0,0,0,0
1764862828.940917,33366,0,0,0,0
1764862828.9912908,33416,0,0,0,0
1764862829.0416682,33466,0,0,0,0
1764862829.0918841,33516,0,0,0,0
1764862829.142236,33566,0,0,0,0
1764862829.192599,33616,0,0,0,0
1764862829.2417889,33666,0,0,0,0
1764862829.292181,33716,0,0,0,0
1764862829.342484,33766,0,0,0,0
1764862829.3927412,33816,0,0,0,0
1764862829.4430962,33866,0,0,0,0
1764862829.493473,33916,0,0,0,0
1764862829.542675,33966,0,0,0,0
1764862829.593015,34016,0,0,0,0
1764862829.643231,34066,0,0,0,0
1764862829.6935942,34116,0,0,0,0
1764862829.7439501,34166,0,0,0,0
1764862829.7943082,34216,0,0,0,0
1764862829.843559,34266,0,0,0,0
1764862829.893884,34316,0,0,0,0
1764862829.944117,34366,0,0,0,0
1764862829.9944692,34416,0,0,0,0
1764862830.0448298,34466,0,0,0,0
1764862830.095047,34516,0,0,0,0
1764862830.144295,34566,0,0,0,0
1764862830.194711,34616,0,0,0,0
1764862830.244983,34666,0,0,0,0
1764862830.295358,34716,0,0,0,0
1764862830.345749,34766,0,0,0,0
1764862830.394877,34816,0,0,0,0
1764862830.445266,34866,0,0,0,0
1764862830.495518,34916,0,0,0,0
1764862830.5458272,34966,0,0,0,0
1764862830.596183,35016,0,0,0,0
1764862830.646563,35066,0,0,0,0
1764862830.695767,35116,0,0,0,0
1764862830.7461178,35166,0,0,0,0
1764862830.796554,35216,0,0,0,0
1764862830.846721,35266,0,0,0,0
1764862830.897063,35316,0,0,0,0
1764862830.947443,35366,0,0,0,0
1764862830.9966238,35416,0,0,0,0
1764862831.046987,35466,0,0,0,0
1764862831.097379,35516,0,0,0,0
1764862831.1475499,35566,0,0,0,0
1764862831.19792,35616,0,0,0,0
1764862831.248291,35666,0,0,0,0
1764862831.297545,35716,0,0,0,0
1764862831.3478851,35766,0,0,0,0
1764862831.39807,35816,0,0,0,0
1764862831.4484532,35866,0,0,0,0
1764862831.4988291,35916,0,0,0,0
1764862831.5490088,35966,0,0,0,0
1764862831.5983539,36016,0,0,0,0
1764862831.648745,36066,0,0,0,0
1764862831.699126,36116,0,0,0,0
1764862831.7492921,36166,0,0,0,0
1764862831.799659,36216,0,0,0,0
1764862831.850038,36267,0,0,0,0
1764862831.900248,36317,0,0,0,0
1764862831.950612,36367,0,0,0,0
1764862832.0009658,36417,0,0,0,0
1764862832.051188,36467,0,0,0,0
1764862832.101532,36517,0,0,0,0
1764862832.150878,36567,0,0,0,0
1764862832.201235,36617,0,0,0,0
1764862832.2514439,36667,0,0,0,0
1764862832.301804,36717,0,0,0,0
1764862832.352149,36767,0,0,0,0
1764862832.402257,36817,0,0,0,0
1764862832.451645,36867,0,0,0,0
1764862832.501913,36917,0,0,0,0
1764862832.552323,36967,0,0,0,0
1764862832.602689,37017,0,0,0,0
1764862832.652788,37067,0,0,0,0
1764862832.703253,37117,0,0,0,0
1764862832.752608,37167,0,0,0,0
1764862832.802834,37217,0,0,0,0
1764862832.853187,37267,0,0,0,0
1764862832.903554,37317,0,0,0,0
1764862832.9537659,37367,0,0,0,0
1764862833.0041149,37417,0,0,0,0
1764862833.053526,37467,0,0,0,0
1764862833.1036968,37517,0,0,0,0
1764862833.1540549,37567,0,0,0,0
1764862833.204393,37617,0,0,0,0
1764862833.2545989,37667,0,0,0,0
1764862833.3049579,37718,0,0,0,0
1764862833.355359,37768,0,0,0,0
1764862833.405671,37818,0,0,0,0
1764862833.455905,37868,0,0,0,0
1764862833.506253,37918,0,0,0,0
1764862833.55665,37968,0,0,0,0
1764862833.6058161,38018,0,0,0,0
1764862833.656179,38068,0,0,0,0
1764862833.7063732,38118,0,0,0,0
1764862833.756743,38168,0,0,0,0
1764862833.8071182,38218,0,0,0,0
1764862833.857304,38268,0,0,0,0
1764862833.906658,38318,0,0,0,0
1764862833.957008,38368,0,0,0,0
1764862834.007401,38418,0,0,0,0
1764862834.057589,38468,0,0,0,0
1764862834.107969,38518,0,0,0,0
1764862834.1583328,38568,0,0,0,0
1764862834.207497,38618,0,0,0,0
1764862834.2578619,38668,0,0,0,0
1764862834.308225,38718,0,0,0,0
1764862834.3585222,38768,0,0,0,0
1764862834.408803,38818,0,0,0,0
1764862834.45917,38868,0,0,0,0
1764862834.508527,38918,0,0,0,0
1764862834.558748,38968,0,0,0,0
1764862834.6090949,39018,0,0,0,0
1764862834.65953,39068,0,0,0,0
1764862834.7096698,39118,0,0,0,0
1764862834.7590091,39168,0,0,0,0
1764862834.8091462,39218,0,0,0,0
1764862834.8595898,39268,0,0,0,0
1764862834.909968,39318,0,0,0,0
1764862834.960157,39368,0,0,0,0
1764862835.01056,39418,0,0,0,0
1764862835.059801,39468,0,0,0,0
1764862835.1101708,39518,0,0,0,0
1764862835.160416,39568,0,0,0,0
1764862835.210815,39618,0,0,0,0
1764862835.261187,39668,0,0,0,0
1764862835.311382,39718,0,0,0,0
1764862835.360724,39768,0,0,0,0
1764862835.411102,39818,0,0,0,0
1764862835.46129,39868,0,0,0,0
1764862835.51166,39918,0,0,0,0
1764862835.562025,39968,0,0,0,0
1764862835.6122181,40018,0,0,0,0
1764862835.661568,40068,0,0,0,0
1764862835.71192,40118,0,0,0,0
1764862835.762132,40168,0,0,0,0
1764862835.812374,40218,0,0,0,0
1764862835.862866,40268,0,0,0,0
1764862835.913204,40318,0,0,0,0
1764862835.962364,40368,0,0,0,0
1764862836.0127628,40418,0,0,0,0
1764862836.063133,40468,0,0,0,0
1764862836.113339,40518,0,0,0,0
1764862836.1637828,40568,0,0,0,0
1764862836.2140749,40619,0,0,0,0
1764862836.264228,40669,0,0,0,0
1764862836.314611,40719,0,0,0,0
1764862836.364972,40769,0,0,0,0
1764862836.415355,40819,0,0,0,0
1764862836.465499,40869,0,0,0,0
1764862836.5148852,40919,0,0,0,0
1764862836.565266,40969,0,0,0,0
1764862836.615486,41019,0,0,0,0
1764862836.665815,41069,0,0,0,0
1764862836.716182,41119,0,0,0,0
1764862836.766378,41169,0,0,0,0
1764862836.815727,41219,0,0,0,0
1764862836.865932,41269,0,0,0,0
1764862836.916311,41319,0,0,0,0
1764862836.966638,41369,0,0,0,0
1764862837.016899,41419,0,0,0,0
1764862837.067251,41469,0,0,0,0
1764862837.1165912,41519,0,0,0,0
1764862837.166802,41569,0,0,0,0
1764862837.21718,41619,0,0,0,0
1764862837.267566,41669,0,0,0,0
1764862837.317915,41719,0,0,0,0
1764862837.3681111,41769,0,0,0,0
1764862837.4174778,41819,0,0,0,0
1764862837.467773,41869,0,0,0,0
1764862837.5180118,41919,0,0,0,0
1764862837.5682938,41969,0,0,0,0
1764862837.618743,42019,0,0,0,0
1764862837.669096,42070,0,0,0,0
1764862837.7192872,42120,0,0,0,0
1764862837.769655,42170,0,0,0,0
1764862837.820008,42220,0,0,0,0
1764862837.8702211,42270,0,0,0,0
1764862837.920565,42320,0,0,0,0
1764862837.969902,42370,0,0,0,0
1764862838.020127,42420,0,0,0,0
1764862838.070465,42470,0,0,0,0
1764862838.120812,42520,0,0,0,0
1764862838.171196,42570,0,0,0,0
1764862838.2213812,42620,0,0,0,0
1764862838.2707388,42670,0,0,0,0
1764862838.3211331,42720,0,0,0,0
1764862838.371309,42770,0,0,0,0
1764862838.421707,42820,0,0,0,0
1764862838.472049,42870,0,0,0,0
1764862838.522279,42920,0,0,0,0
1764862838.5716102,42970,0,0,0,0
1764862838.621969,43020,0,0,0,0
1764862838.672152,43070,0,0,0,0
1764862838.7225568,43120,0,0,0,0
1764862838.772903,43170,0,0,0,0
1764862838.8231208,43220,0,0,0,0
1764862838.872483,43270,0,0,0,0
1764862838.9227,43320,0,0,0,0
1764862838.9730492,43370,0,0,0,0
1764862839.023432,43420,0,0,0,0
1764862839.073626,43470,0,0,0,0
1764862839.122993,43520,0,0,0,0
1764862839.173376,43570,0,0,0,0
1764862839.2235808,43620,0,0,0,0
1764862839.273939,43670,0,0,0,0
1764862839.324318,43720,0,0,0,0
1764862839.37452,43770,0,0,0,0
1764862839.423881,43820,0,0,0,0
1764862839.4742131,43870,0,0,0,0
1764862839.524468,43920,0,0,0,0
1764862839.574806,43970,0,0,0,0
1764862839.625099,44020,0,0,0,0
1764862839.6753752,44070,0,0,0,0
1764862839.724721,44120,0,0,0,0
1764862839.775092,44170,0,0,0,0
1764862839.825282,44220,0,0,0,0
1764862839.875656,44270,0,0,0,0
1764862839.926044,44320,0,0,0,0
1764862839.976201,44370,0,0,0,0
1764862840.025554,44420,0,0,0,0
1764862840.075901,44470,0,0,0,0
1764862840.1261492,44520,0,0,0,0
1764862840.176512,44570,0,0,0,0
1764862840.2268958,44620,0,0,0,0
1764862840.277062,44670,0,0,0,0
1764862840.326446,44720,0,0,0,0
1764862840.376843,44770,0,0,0,0
1764862840.427009,44820,0,0,0,0
1764862840.477412,44870,0,0,0,0
1764862840.527796,44920,0,0,0,0
1764862840.578005,44971,0,0,0,0
1764862840.628438,45021,0,0,0,0
1764862840.678561,45071,0,0,0,0
1764862840.728964,45121,0,0,0,0
1764862840.779316,45171,0,0,0,0
1764862840.829429,45221,0,0,0,0
1764862840.8788888,45271,0,0,0,0
1764862840.929255,45321,0,0,0,0
1764862840.979448,45371,0,0,0,0
1764862841.0298188,45421,0,0,0,0
1764862841.080062,45471,0,0,0,0
1764862841.130408,45521,0,0,0,0
1764862841.179738,45571,0,0,0,0
1764862841.229953,45621,0,0,0,0
1764862841.280336,45671,0,0,0,0
1764862841.330698,45721,0,0,0,0
1764862841.381068,45771,0,0,0,0
1764862841.4312892,45821,0,0,0,0
1764862841.480593,45871,0,0,0,0
1764862841.531012,45921,0,0,0,0
1764862841.581176,45971,0,0,0,0
1764862841.631553,46021,0,0,0,0
1764862841.681934,46071,0,0,0,0
1764862841.732142,46121,0,0,0,0
1764862841.781458,46171,0,0,0,0
1764862841.8316832,46221,0,0,0,0
1764862841.882036,46271,0,0,0,0
1764862841.93242,46321,0,0,0,0
1764862841.9827929,46371,0,0,0,0
1764862842.032952,46422,0,0,0,0
1764862842.0834088,46472,0,0,0,0
1764862842.133701,46522,0,0,0,0
1764862842.183887,46572,0,0,0,0
1764862842.2341602,46622,0,0,0,0
1764862842.284609,46672,0,0,0,0
1764862842.333947,46722,0,0,0,0
1764862842.384151,46772,0,0,0,0
1764862842.4345322,46822,0,0,0,0
1764862842.484895,46872,0,0,0,0
1764862842.535081,46922,0,0,0,0
1764862842.585429,46972,0,0,0,0
1764862842.634772,47022,0,0,0,0
1764862842.685154,47072,0,0,0,0
1764862842.735321,47122,0,0,0,0
1764862842.785676,47172,0,0,0,0
1764862842.836054,47222,0,0,0,0
1764862842.886392,47272,0,0,0,0
1764862842.9355478,47322,0,0,0,0
1764862842.985924,47372,0,0,0,0
1764862843.036275,47422,0,0,0,0
1764862843.08648,47472,0,0,0,0
1764862843.136837,47522,0,0,0,0
1764862843.187157,47572,0,0,0,0
1764862843.2365272,47622,0,0,0,0
1764862843.286699,47672,0,0,0,0
1764862843.3370738,47722,0,0,0,0
1764862843.387403,47772,0,0,0,0
1764862843.437789,47822,0,0,0,0
1764862843.486906,47872,0,0,0,0
1764862843.537293,47922,0,0,0,0
1764862843.587685,47972,0,0,0,0
1764862843.6379929,48022,0,0,0,0
1764862843.688184,48072,0,0,0,0
1764862843.738556,48122,0,0,0,0
1764862843.787894,48172,0,0,0,0
1764862843.838294,48222,0,0,0,0
1764862843.8884852,48272,0,0,0,0
1764862843.938835,48322,0,0,0,0
1764862843.9890828,48372,0,0,0,0
1764862844.0394108,48422,0,0,0,0
1764862844.088761,48472,0,0,0,0
1764862844.138966,48522,0,0,0,0
1764862844.189395,48572,0,0,0,0
1764862844.239672,48622,0,0,0,0
1764862844.290036,48672,0,0,0,0
1764862844.340257,48722,0,0,0,0
1764862844.389607,48772,0,0,0,0
1764862844.4404428,48822,0,0,0,0
1764862844.490144,48872,0,0,0,0
1764862844.54054,48922,0,0,0,0
1764862844.590888,48972,0,0,0,0
1764862844.6411421,49022,0,0,0,0
1764862844.690449,49072,0,0,0,0
1764862844.7408152,49122,0,0,0,0
1764862844.791119,49172,0,0,0,0
1764862844.841315,49222,0,0,0,0
1764862844.8924632,49272,0,0,0,0
1764862844.94209,49323,0,0,0,0
1764862844.992407,49373,0,0,0,0
1764862845.042638,49423,0,0,0,0
1764862845.093028,49473,0,0,0,0
1764862845.14338,49523,0,0,0,0
1764862845.193563,49573,0,0,0,0
