PC_Time,Arduino_Time,Pos_H_Steps,Pos_V_Steps,Pos_R_Steps,Status_Bits
1764862711.649826,50,0,0,0,0
1764862711.6999512,100,0,0,0,0
1764862711.750303,150,0,0,0,0
1764862711.8005838,200,0,0,0,0
1764862711.850999,250,0,0,0,0
1764862711.9002051,300,0,0,0,0
1764862711.95052,350,0,0,0,0
1764862712.000889,400,0,0,0,0
1764862712.051096,450,0,0,0,0
1764862712.101412,500,0,0,0,0
1764862712.1518168,550,0,0,0,0
1764862712.200882,600,0,0,0,0
1764862712.25171,650,0,0,0,0
1764862712.301696,700,0,0,0,0
1764862712.352036,750,0,0,0,0
1764862712.4021592,800,0,0,0,0
1764862712.4526021,850,0,0,0,0
1764862712.50193,900,0,0,0,0
1764862712.552264,950,0,0,0,0
1764862712.60263,1000,0,0,0,0
1764862712.652812,1050,0,0,0,0
1764862712.703213,1100,0,0,0,0
1764862712.7535481,1150,0,0,0,0
1764862712.80287,1200,0,0,0,0
1764862712.853108,1250,0,0,0,0
1764862712.903405,1300,0,0,0,0
1764862712.9536939,1350,0,0,0,0
1764862713.004056,1400,0,0,0,0
1764862713.05438,1451,0,0,0,0
1764862713.1047602,1501,0,0,0,0
1764862713.1549609,1551,0,0,0,0
1764862713.205309,1601,0,0,0,0
1764862713.2556741,1651,0,0,0,0
1764862713.306031,1701,0,0,0,0
1764862713.355201,1751,0,0,0,0
1764862713.405555,1801,0,0,0,0
1764862713.455949,1851,0,0,0,0
1764862713.506083,1901,0,0,0,0
1764862713.556381,1951,0,0,0,0
1764862713.606845,2001,0,0,0,0
1764862713.656008,2051,0,0,0,0
1764862713.7064059,2101,0,0,0,0
1764862713.756746,2151,0,0,0,0
1764862713.8070898,2201,0,0,0,0
1764862713.857313,2251,0,0,0,0
1764862713.9076622,2301,0,0,0,0
1764862713.956992,2351,0,0,0,0
1764862714.0071738,2401,0,0,0,0
1764862714.0575628,2451,0,0,0,0
1764862714.107914,2501,0,0,0,0
1764862714.1582668,2551,0,0,0,0
1764862714.208447,2601,0,0,0,0
1764862714.257804,2651,0,0,0,0
1764862714.308198,2701,0,0,0,0
1764862714.3583481,2751,0,0,0,0
1764862714.408725,2801,0,0,0,0
1764862714.459063,2851,0,0,0,0
1764862714.509395,2902,0,0,0,0
1764862714.559626,2952,0,0,0,0
1764862714.6099598,3002,0,0,0,0
1764862714.660327,3052,0,0,0,0
1764862714.710722,3102,0,0,0,0
1764862714.7608829,3152,0,0,0,0
1764862714.810206,3202,0,0,0,0
1764862714.860579,3252,0,0,0,0
1764862714.910954,3302,0,0,0,0
1764862714.961173,3352,0,0,0,0
1764862715.0115168,3402,0,0,0,0
1764862715.0617568,3452,0,0,0,0
1764862715.111184,3502,0,0,0,0
1764862715.1613839,3552,0,0,0,0
1764862715.211749,3602,0,0,0,0
1764862715.262086,3652,0,0,0,0
1764862715.3124769,3702,0,0,0,0
1764862715.362632,3752,0,0,0,0
1764862715.4119658,3802,0,0,0,0
1764862715.462343,3852,0,0,0,0
1764862715.512507,3902,0,0,0,0
1764862715.562866,3952,0,0,0,0
1764862715.613239,4002,0,0,0,0
1764862715.663414,4052,0,0,0,0
1764862715.712773,4102,0,0,0,0
1764862715.7631512,4152,0,0,0,0
1764862715.813426,4202,0,0,0,0
1764862715.863698,4252,0,0,0,0
1764862715.914054,4302,0,0,0,0
1764862715.9633942,4352,0,0,0,0
1764862716.013737,4402,0,0,0,0
1764862716.0639539,4452,0,0,0,0
1764862716.1142862,4502,0,0,0,0
1764862716.164684,4552,0,0,0,0
1764862716.214887,4602,0,0,2,0
1764862716.264229,4652,0,0,3,0
1764862716.314611,4702,0,0,5,0
1764862716.3647842,4752,0,0,7,0
1764862716.4151711,4802,0,0,8,0
1764862716.4655502,4852,0,0,10,0
1764862716.5157068,4902,0,0,12,0
1764862716.56515,4952,0,0,13,0
1764862716.6154702,5002,0,0,15,0
1764862716.665822,5052,0,0,17,0
1764862716.716023,5102,0,0,18,0
1764862716.7663832,5152,0,0,20,0
1764862716.816565,5202,0,0,22,0
1764862716.865897,5252,0,0,23,0
1764862716.916275,5302,0,0,25,0
1764862716.96662,5352,0,0,26,0
1764862717.016831,5402,0,0,28,0
1764862717.067168,5452,0,0,30,0
1764862717.1175559,5502,0,0,31,0
1764862717.166738,5552,0,0,33,0
1764862717.217149,5602,0,0,35,0
1764862717.267485,5652,0,0,36,0
1764862717.317659,5702,0,0,38,0
1764862717.368076,5752,0,0,40,0
1764862717.418437,5803,0,0,41,0
1764862717.468789,5853,0,0,43,0
1764862717.518993,5903,0,0,45,0
1764862717.569362,5953,0,0,46,0
1764862717.6195688,6003,0,0,48,0
1764862717.6699588,6053,0,0,50,0
1764862717.7193081,6103,0,0,51,0
1764862717.769484,6153,0,0,53,0
1764862717.8198762,6203,0,0,55,0
1764862717.870214,6253,0,0,56,0
1764862717.920596,6303,0,0,58,0
1764862717.970787,6353,0,0,59,0
1764862718.020174,6403,0,0,61,0
1764862718.070373,6453,0,0,63,0
1764862718.120716,6503,0,0,64,0
1764862718.171134,6553,0,0,66,0
1764862718.221318,6603,0,0,68,0
1764862718.2716968,6653,0,0,69,0
1764862718.321027,6703,0,0,71,0
1764862718.371256,6753,0,0,73,0
1764862718.421663,6803,0,0,74,0
1764862718.471993,6853,0,0,76,0
1764862718.522193,6903,0,0,78,0
1764862718.572532,6953,0,0,79,0
1764862718.621866,7003,0,0,81,0
1764862718.672085,7053,0,0,83,0
1764862718.722404,7103,0,0,84,0
1764862718.772757,7153,0,0,86,0
1764862718.823118,7203,0,0,88,0
1764862718.873466,7254,0,0,89,0
1764862718.923806,7304,0,0,91,0
1764862718.973997,7354,0,0,92,0
1764862719.024346,7404,0,0,94,0
1764862719.074539,7454,0,0,96,0
1764862719.124948,7504,0,0,97,0
1764862719.1743019,7554,0,0,99,0
1764862719.2244759,7604,0,0,101,0
1764862719.2748659,7654,0,0,102,0
1764862719.325184,7704,0,0,104,0
1764862719.3755698,7754,0,0,106,0
1764862719.425784,7804,0,0,107,0
1764862719.47514,7854,0,0,109,0
1764862719.5254788,7904,0,0,111,0
1764862719.575664,7954,0,0,112,0
1764862719.6261,8004,0,0,114,0
1764862719.6764312,8054,0,0,116,0
1764862719.7265868,8104,0,0,117,0
1764862719.775984,8154,0,0,119,0
1764862719.826331,8204,0,0,120,0
1764862719.876689,8254,0,0,122,0
1764862719.926888,8304,0,0,124,0
1764862719.977254,8354,0,0,125,0
1764862720.0276248,8404,0,0,127,0
1764862720.076776,8454,0,0,129,0
1764862720.127161,8504,0,0,130,0
1764862720.177422,8554,0,0,132,0
1764862720.227713,8604,0,0,134,0
1764862720.2781062,8654,0,0,135,0
1764862720.327392,8704,0,0,137,0
1764862720.377646,8754,0,0,139,0
1764862720.427998,8804,0,0,140,0
1764862720.478355,8854,0,0,142,0
1764862720.528743,8904,0,0,144,0
1764862720.57895,8954,0,0,145,0
1764862720.628308,9004,0,0,147,0
1764862720.678467,9054,0,0,148,0
1764862720.72886,9104,0,0,150,0
1764862720.7792351,9154,0,0,152,0
1764862720.829505,9204,0,0,153,0
1764862720.879781,9254,0,0,155,0
1764862720.929128,9304,0,0,157,0
1764862720.979507,9354,0,0,158,0
1764862721.029685,9404,0,0,160,0
1764862721.0800781,9454,0,0,162,0
1764862721.130431,9504,0,0,163,0
1764862721.180795,9554,0,0,165,0
1764862721.229965,9604,0,0,165,0
1764862721.2803211,9654,0,0,165,0
1764862721.3306859,9704,0,0,165,0
1764862721.380863,9754,0,0,165,0
1764862721.431253,9804,0,0,165,0
1764862721.481607,9854,0,0,165,0
1764862721.530783,9904,0,0,165,0
1764862721.581136,9954,0,0,165,0
1764862721.6315038,10004,0,0,165,0
1764862721.681845,10054,0,0,165,0
1764862721.732058,10104,0,0,165,0
1764862721.7823858,10155,0,0,165,0
1764862721.832768,10205,0,0,165,0
1764862721.883111,10255,0,0,165,0
1764862721.933318,10305,0,0,165,0
1764862721.983577,10355,0,0,165,0
1764862722.034071,10405,0,0,165,0
1764862722.0833569,10455,0,0,165,0
1764862722.133545,10505,0,0,165,0
1764862722.1839302,10555,0,0,165,0
1764862722.234227,10605,0,0,165,0
1764862722.284489,10655,0,0,165,0
1764862722.334836,10705,0,0,165,0
1764862722.384167,10755,0,0,165,0
1764862722.434401,10805,0,0,165,0
1764862722.484747,10855,0,0,165,0
1764862722.535124,10905,0,0,165,0
1764862722.585268,10955,0,0,165,0
1764862722.6356711,11005,0,0,165,0
1764862722.6850429,11055,0,0,165,0
1764862722.7353642,11105,0,0,165,0
1764862722.785547,11155,0,0,165,0
1764862722.835928,11205,0,0,165,0
1764862722.886291,11255,0,0,165,0
1764862722.9365098,11305,0,0,165,0
1764862722.9858408,11355,0,0,165,0
1764862723.036203,11405,0,0,165,0
1764862723.086582,11455,0,0,165,0
1764862723.1367428,11505,0,0,165,0
1764862723.187135,11555,0,0,165,0
1764862723.237497,11606,0,0,165,0
1764862723.287669,11656,0,0,165,0
1764862723.338067,11706,0,0,165,0
1764862723.388392,11756,0,0,165,0
1764862723.438775,11806,0,0,165,0
1764862723.488956,11856,0,0,165,0
1764862723.538323,11906,0,0,165,0
1764862723.588664,11956,0,0,165,0
1764862723.638808,12006,0,0,165,0
1764862723.6892319,12056,0,0,165,0
1764862723.739591,12106,0,0,165,0
1764862723.7897952,12156,0,0,165,0
1764862723.8391411,12206,0,0,165,0
1764862723.889527,12256,0,0,165,0
1764862723.939724,12306,0,0,165,0
1764862723.990106,12356,0,0,165,0
1764862724.040467,12406,0,0,165,0
1764862724.090656,12456,0,0,165,0
1764862724.140021,12506,0,0,165,0
1764862724.190322,12556,0,0,165,0
1764862724.2407308,12606,0,0,165,0
1764862724.290932,12656,0,0,165,0
1764862724.341289,12706,0,0,165,0
1764862724.3916218,12756,0,0,165,0
1764862724.4408,12806,0,0,165,0
1764862724.491183,12856,0,0,165,0
1764862724.5415401,12906,0,0,165,0
1764862724.591716,12956,0,0,165,0
1764862724.6421099,13006,0,0,165,0
1764862724.691461,13056,0,0,165,0
1764862724.741823,13106,0,0,165,0
1764862724.792041,13156,0,0,165,0
1764862724.8423731,13206,0,0,165,0
1764862724.892746,13256,0,0,165,0
1764862724.942871,13306,0,0,165,0
1764862724.992299,13356,0,0,165,0
1764862725.042636,13406,0,0,165,0
1764862725.092837,13456,0,0,165,0
1764862725.143286,13506,0,0,165,0
1764862725.193569,13556,0,0,165,0
1764862725.243805,13606,0,0,165,0
1764862725.293616,13656,0,0,165,0
1764862725.343505,13706,0,0,165,0
1764862725.393676,13756,0,0,165,0
1764862725.444083,13806,0,0,165,0
1764862725.4944158,13856,0,0,165,0
1764862725.5447822,13906,0,0,165,0
1764862725.594038,13956,0,0,165,0
1764862725.644325,14006,0,0,165,0
1764862725.694688,14056,0,0,165,0
1764862725.7449589,14106,0,0,165,0
1764862725.795263,14156,0,0,165,0
1764862725.845613,14206,0,0,165,0
1764862725.894919,14256,0,0,165,0
1764862725.945143,14306,0,0,165,0
1764862725.995488,14356,0,0,165,0
1764862726.045867,14406,0,0,165,0
1764862726.0960672,14456,0,0,165,0
1764862726.1464489,14507,0,0,165,0
1764862726.1967978,14557,0,0,165,0
1764862726.2470322,14607,0,0,165,0
1764862726.297398,14657,0,0,165,0
1764862726.347661,14707,0,0,165,0
1764862726.3980942,14757,0,0,165,0
1764862726.447294,14807,0,0,165,0
1764862726.4975748,14857,0,0,165,0
1764862726.547866,14907,0,0,165,0
1764862726.598221,14957,0,0,165,0
1764862726.64859,15007,0,0,165,0
1764862726.6990259,15057,0,0,165,0
1764862726.748112,15107,0,0,165,0
1764862726.798474,15157,0,0,165,0
1764862726.8488588,15207,0,0,165,0
1764862726.8990421,15257,0,0,165,0
1764862726.949329,15307,0,0,165,0
1764862726.999807,15357,0,0,165,0
1764862727.0490081,15407,0,0,165,0
1764862727.099353,15457,0,0,165,0
1764862727.149757,15507,0,0,165,0
1764862727.1999328,15557,0,0,165,0
1764862727.2503161,15607,0,0,165,0
1764862727.300658,15657,0,0,165,0
1764862727.3498151,15707,0,0,165,0
1764862727.400162,15757,0,0,165,0
1764862727.450547,15807,0,0,165,0
1764862727.500716,15857,0,0,165,0
1764862727.551102,15907,0,0,165,0
1764862727.601378,15958,0,0,165,0
1764862727.6517,16008,0,0,165,0
1764862727.702045,16058,0,0,165,0
1764862727.7523851,16108,0,0,165,0
1764862727.802773,16158,0,0,165,0
1764862727.8529239,16208,0,0,165,0
1764862727.902282,16258,0,0,165,0
1764862727.9526641,16308,0,0,165,0
1764862728.002976,16358,0,0,165,0
1764862728.053204,16408,0,0,165,0
1764862728.1035662,16458,0,0,165,0
1764862728.1540082,16508,0,0,165,0
1764862728.203275,16558,0,0,165,0
1764862728.253463,16608,0,0,165,0
1764862728.3038201,16658,0,0,165,0
1764862728.3542242,16708,0,0,165,0
1764862728.404386,16758,0,0,165,0
1764862728.454766,16808,0,0,165,0
1764862728.5041122,16858,0,0,165,0
1764862728.554297,16908,0,0,165,0
1764862728.6046872,16958,0,0,165,0
1764862728.655034,17008,0,0,165,0
1764862728.705246,17058,0,0,165,0
1764862728.755597,17108,0,0,165,0
1764862728.8049679,17158,0,0,165,0
1764862728.855287,17208,0,0,165,0
1764862728.9054642,17258,0,0,165,0
1764862728.9558358,17308,0,0,165,0
1764862729.0061948,17358,0,0,165,0
1764862729.055391,17408,0,0,165,0
1764862729.105758,17458,0,0,165,0
1764862729.156044,17508,0,0,165,0
1764862729.206478,17558,0,0,165,0
1764862729.256669,17608,0,0,165,0
1764862729.307041,17658,0,0,165,0
1764862729.356371,17708,0,0,165,0
1764862729.406501,17758,0,0,165,0
1764862729.456971,17808,0,0,165,0
1764862729.507351,17858,0,0,165,0
1764862729.557524,17908,0,0,165,0
1764862729.607877,17958,0,0,165,0
1764862729.657252,18008,0,0,165,0
1764862729.707459,18058,0,0,165,0
1764862729.75778,18108,0,0,165,0
1764862729.808161,18158,0,0,165,0
1764862729.858258,18208,0,0,165,0
1764862729.908749,18258,0,0,165,0
1764862729.958109,18308,0,0,165,0
1764862730.008304,18358,0,0,165,0
1764862730.0586529,18408,0,0,165,0
1764862730.109041,18458,0,0,165,0
1764862730.159266,18508,0,0,165,0
1764862730.209621,18558,0,0,165,0
1764862730.258969,18608,0,0,165,0
1764862730.3091588,18658,0,0,165,0
1764862730.359434,18708,0,0,165,0
1764862730.4099782,18758,0,0,165,0
1764862730.460106,18808,0,0,165,0
1764862730.5104709,18859,0,0,165,0
1764862730.560825,18909,0,0,165,0
1764862730.611022,18959,0,0,165,0
1764862730.661404,19009,0,0,165,0
1764862730.711751,19059,0,0,165,0
1764862730.761947,19109,0,0,165,0
1764862730.811197,19159,0,0,165,0
1764862730.8616571,19209,0,0,165,0
1764862730.912024,19259,0,0,165,0
1764862730.962219,19309,0,0,165,0
1764862731.012608,19359,0,0,165,0
1764862731.062937,19409,0,0,165,0
1764862731.112309,19459,0,0,165,0
1764862731.162507,19509,0,0,165,0
1764862731.212842,19559,0,0,165,0
1764862731.263066,19609,0,0,165,0
1764862731.313437,19659,0,0,165,0
1764862731.363809,19709,0,0,165,0
1764862731.4131498,19759,0,0,165,0
1764862731.463365,19809,0,0,165,0
1764862731.5137239,19859,0,0,165,0
1764862731.563948,19909,0,0,165,0
1764862731.614298,19959,0,0,165,0
1764862731.664686,20009,0,0,165,0
1764862731.713866,20059,0,0,165,0
1764862731.764225,20109,0,0,165,0
1764862731.8146,20159,0,0,165,0
1764862731.864807,20209,0,0,165,0
1764862731.9151812,20259,0,0,165,0
1764862731.965536,20310,0,0,165,0
1764862732.015936,20360,0,0,165,0
1764862732.0660942,20410,0,0,165,0
1764862732.116389,20460,0,0,165,0
1764862732.166813,20510,0,0,165,0
1764862732.216897,20560,0,0,165,0
1764862732.266357,20610,0,0,165,0
1764862732.316721,20660,0,0,165,0
1764862732.3669498,20710,0,0,165,0
1764862732.417296,20760,0,0,165,0
1764862732.467633,20810,0,0,165,0
1764862732.517984,20860,0,0,165,0
1764862732.567178,20910,0,0,165,0
1764862732.617517,20960,0,0,165,0
1764862732.6679318,21010,0,0,165,0
1764862732.718279,21060,0,0,165,0
1764862732.7684789,21110,0,0,165,0
1764862732.81886,21160,0,0,165,0
1764862732.8680499,21210,0,0,165,0
1764862732.9184031,21260,0,0,165,0
1764862732.968707,21310,0,0,164,0
1764862733.018989,21360,0,0,163,0
1764862733.0693529,21410,0,0,161,0
1764862733.119728,21460,0,0,159,0
1764862733.168917,21510,0,0,158,0
1764862733.219285,21560,0,0,156,0
1764862733.2696378,21610,0,0,154,0
1764862733.3198452,21660,0,0,153,0
1764862733.370163,21710,0,0,151,0
1764862733.419561,21760,0,0,149,0
1764862733.469727,21810,0,0,148,0
1764862733.520122,21860,0,0,146,0
1764862733.570475,21910,0,0,144,0
1764862733.620687,21960,0,0,143,0
1764862733.671072,22010,0,0,141,0
1764862733.720393,22060,0,0,140,0
1764862733.770772,22110,0,0,138,0
1764862733.820964,22160,0,0,136,0
1764862733.871344,22210,0,0,135,0
1764862733.9215271,22260,0,0,133,0
1764862733.971932,22310,0,0,131,0
1764862734.021256,22360,0,0,130,0
1764862734.071599,22410,0,0,128,0
1764862734.121786,22460,0,0,126,0
1764862734.1721668,22510,0,0,125,0
1764862734.222514,22560,0,0,123,0
1764862734.272741,22610,0,0,121,0
1764862734.322096,22660,0,0,120,0
1764862734.3724911,22710,0,0,118,0
1764862734.4226408,22760,0,0,116,0
1764862734.473017,22810,0,0,115,0
1764862734.5233989,22860,0,0,113,0
1764862734.573556,22910,0,0,111,0
1764862734.622899,22960,0,0,110,0
1764862734.673276,23010,0,0,108,0
1764862734.723635,23060,0,0,107,0
1764862734.773814,23110,0,0,105,0
1764862734.8241768,23160,0,0,103,0
1764862734.874549,23211,0,0,102,0
1764862734.924883,23261,0,0,100,0
1764862734.9751081,23311,0,0,98,0
1764862735.025453,23361,0,0,97,0
1764862735.075807,23411,0,0,95,0
1764862735.1261709,23461,0,0,93,0
1764862735.175343,23511,0,0,92,0
1764862735.225694,23561,0,0,90,0
1764862735.276057,23611,0,0,88,0
1764862735.326228,23661,0,0,87,0
1764862735.3766131,23711,0,0,85,0
1764862735.4269462,23761,0,0,83,0
1764862735.4763021,23811,0,0,82,0
1764862735.526516,23861,0,0,80,0
1764862735.57687,23911,0,0,79,0
1764862735.6272268,23961,0,0,77,0
1764862735.677419,24011,0,0,75,0
1764862735.727794,24061,0,0,74,0
1764862735.777156,24111,0,0,72,0
1764862735.827353,24161,0,0,70,0
1764862735.877614,24211,0,0,69,0
1764862735.9280949,24261,0,0,67,0
1764862735.978248,24311,0,0,65,0
1764862736.028637,24361,0,0,64,0
1764862736.077976,24411,0,0,62,0
1764862736.1283462,24461,0,0,60,0
1764862736.178559,24511,0,0,59,0
1764862736.2289019,24561,0,0,57,0
1764862736.279266,24611,0,0,55,0
1764862736.32945,24662,0,0,54,0
1764862736.379895,24712,0,0,52,0
1764862736.4301891,24762,0,0,50,0
1764862736.4803772,24812,0,0,49,0
1764862736.530771,24862,0,0,47,0
1764862736.5811331,24912,0,0,46,0
1764862736.63033,24962,0,0,44,0
1764862736.6806982,25012,0,0,42,0
1764862736.731085,25062,0,0,41,0
1764862736.781279,25112,0,0,39,0
1764862736.831656,25162,0,0,37,0
1764862736.882016,25212,0,0,36,0
1764862736.931191,25262,0,0,34,0
1764862736.981575,25312,0,0,32,0
1764862737.0317929,25362,0,0,31,0
1764862737.082176,25412,0,0,29,0
1764862737.1325572,25462,0,0,27,0
1764862737.182761,25512,0,0,26,0
1764862737.232098,25562,0,0,24,0
1764862737.282474,25612,0,0,22,0
1764862737.3326871,25662,0,0,21,0
1764862737.383072,25712,0,0,19,0
1764862737.433443,25762,0,0,18,0
1764862737.483624,25812,0,0,16,0
1764862737.533003,25862,0,0,14,0
1764862737.583342,25912,0,0,13,0
1764862737.6335711,25962,0,0,11,0
1764862737.683935,26012,0,0,9,0
1764862737.7340329,26062,0,0,8,0
1764862737.7833862,26112,0,0,6,0
1764862737.833866,26162,0,0,4,0
1764862737.8840902,26212,0,0,3,0
1764862737.934464,26262,0,0,1,0
1764862737.984836,26312,0,0,0,0
1764862738.0349388,26362,0,0,0,0
1764862738.084379,26412,0,0,0,0
1764862738.134749,26462,0,0,0,0
1764862738.1849651,26512,0,0,0,0
1764862738.235302,26562,0,0,0,0
1764862738.28568,26612,0,0,0,0
1764862738.33587,26662,0,0,0,0
1764862738.3852448,26712,0,0,0,0
1764862738.435501,26762,0,0,0,0
1764862738.4858408,26812,0,0,0,0
1764862738.536202,26862,0,0,0,0
1764862738.58654,26912,0,0,0,0
1764862738.6368651,26962,0,0,0,0
1764862738.686209,27012,0,0,0,0
1764862738.73651,27062,0,0,0,0
1764862738.7866821,27112,0,0,0,0
1764862738.837041,27162,0,0,0,0
1764862738.8874009,27212,0,0,0,0
1764862738.9376252,27262,0,0,0,0
1764862738.9869409,27312,0,0,0,0
1764862739.0373418,27362,0,0,0,0
1764862739.087529,27412,0,0,0,0
1764862739.13786,27462,0,0,0,0
1764862739.188133,27512,0,0,0,0
1764862739.2383978,27563,0,0,0,0
1764862739.288864,27613,0,0,0,0
1764862739.339071,27663,0,0,0,0
1764862739.389361,27713,0,0,0,0
1764862739.439878,27763,0,0,0,0
1764862739.49005,27813,0,0,0,0
1764862739.5394309,27863,0,0,0,0
1764862739.589835,27913,0,0,0,0
1764862739.6399019,27963,0,0,0,0
1764862739.690343,28013,0,0,0,0
1764862739.740752,28063,0,0,0,0
1764862739.7909272,28113,0,0,0,0
1764862739.840217,28163,0,0,0,0
1764862739.890645,28213,0,0,0,0
1764862739.940862,28263,0,0,0,0
1764862739.991199,28313,0,0,0,0
1764862740.041565,28363,0,0,0,0
1764862740.091923,28413,0,0,0,0
1764862740.1410859,28463,0,0,0,0
1764862740.191509,28513,0,0,0,0
1764862740.241659,28563,0,0,0,0
1764862740.292059,28613,0,0,0,0
1764862740.342392,28663,0,0,0,0
1764862740.3926232,28713,0,0,0,0
1764862740.4419909,28763,0,0,0,0
1764862740.492335,28813,0,0,0,0
1764862740.542565,28863,0,0,0,0
1764862740.592911,28913,0,0,0,0
1764862740.64329,28963,0,0,0,0
1764862740.693612,29014,0,0,0,0
1764862740.743815,29064,0,0,0,0
1764862740.794178,29114,0,0,0,0
1764862740.844471,29164,0,0,0,0
1764862740.894822,29214,0,0,0,0
1764862740.945141,29264,0,0,0,0
1764862740.994464,29314,0,0,0,0
1764862741.0446851,29364,0,0,0,0
1764862741.095291,29414,0,0,0,0
1764862741.1454191,29464,0,0,0,0
1764862741.195627,29514,0,0,0,0
1764862741.245981,29564,0,0,0,0
1764862741.295181,29614,0,0,0,0
1764862741.3455338,29664,0,0,0,0
1764862741.39589,29714,0,0,0,0
1764862741.4461162,29764,0,0,0,0
1764862741.496473,29814,0,0,0,0
1764862741.54685,29864,0,0,0,0
1764862741.596193,29914,0,0,0,0
1764862741.646396,29964,0,0,0,0
1764862741.696693,30014,0,0,0,0
1764862741.7471051,30064,0,0,0,0
1764862741.797338,30114,0,0,0,0
1764862741.847764,30164,0,0,0,0
1764862741.897068,30214,0,0,0,0
1764862741.9472508,30264,0,0,0,0
1764862741.997636,30314,0,0,0,0
1764862742.047858,30364,0,0,0,0
1764862742.0981781,30414,0,0,0,0
1764862742.147529,30464,0,0,0,0
1764862742.197804,30514,0,0,0,0
1764862742.248127,30564,0,0,0,0
1764862742.298501,30614,0,0,0,0
1764862742.348691,30664,0,0,0,0
1764862742.399059,30714,0,0,0,0
1764862742.4484181,30764,0,0,0,0
1764862742.498792,30814,0,0,0,0
1764862742.548963,30864,0,0,0,0
1764862742.599305,30914,0,0,0,0
1764862742.6496902,30964,0,0,0,0
1764862742.699881,31014,0,0,0,0
1764862742.749231,31064,0,0,0,0
1764862742.799579,31114,0,0,0,0
1764862742.8499389,31164,0,0,0,0
1764862742.900156,31214,0,0,0,0
1764862742.9505439,31264,0,0,0,0
1764862743.000868,31314,0,0,0,0
1764862743.051286,31364,0,0,0,0
1764862743.100427,31414,0,0,0,0
1764862743.150642,31464,0,0,0,0
1764862743.201024,31514,0,0,0,0
1764862743.25138,31564,0,0,0,0
1764862743.301613,31614,0,0,0,0
1764862743.350951,31664,0,0,0,0
1764862743.401325,31714,0,0,0,0
1764862743.4515479,31764,0,0,0,0
1764862743.5018501,31814,0,0,0,0
1764862743.552306,31864,0,0,0,0
1764862743.6025019,31915,0,0,0,0
1764862743.652871,31965,0,0,0,0
1764862743.703244,32015,0,0,0,0
1764862743.753437,32065,0,0,0,0
1764862743.8038201,32115,0,0,0,0
1764862743.854047,32165,0,0,0,0
1764862743.9034,32215,0,0,0,0
1764862743.953779,32265,0,0,0,0
1764862744.00395,32315,0,0,0,0
1764862744.0543602,32365,0,0,0,0
1764862744.104789,32415,0,0,0,0
1764862744.154934,32465,0,0,0,0
1764862744.204319,32515,0,0,0,0
1764862744.254514,32565,0,0,0,0
1764862744.304888,32615,0,0,0,0
1764862744.355242,32665,0,0,0,0
1764862744.4054,32715,0,0,0,0
1764862744.455819,32765,0,0,0,0
1764862744.505173,32815,0,0,0,0
1764862744.555379,32865,0,0,0,0
1764862744.605771,32915,0,0,0,0
1764862744.656119,32965,0,0,0,0
1764862744.706313,33015,0,0,0,0
1764862744.7566621,33065,0,0,0,0
1764862744.806027,33115,0,0,0,0
1764862744.856382,33165,0,0,0,0
1764862744.906524,33215,0,0,0,0
1764862744.956846,33265,0,0,0,0
1764862745.0073202,33315,0,0,0,0
1764862745.057517,33366,0,0,0,0
1764862745.107879,33416,0,0,0,0
1764862745.1582131,33466,0,0,0,0
1764862745.2086148,33516,0,0,0,0
1764862745.2587872,33566,0,0,0,0
1764862745.309171,33616,0,0,0,0
1764862745.3583622,33666,0,0,0,0
1764862745.408756,33716,0,0,0,0
1764862745.4591181,33766,0,0,0,0
1764862745.5092611,33816,0,0,0,0
1764862745.5596511,33866,0,0,0,0
1764862745.61,33916,0,0,0,0
1764862745.659195,33966,0,0,0,0
1764862745.709575,34016,0,0,0,0
1764862745.7599308,34066,0,0,0,0
1764862745.810134,34116,0,0,0,0
1764862745.860478,34166,0,0,0,0
1764862745.9108539,34216,0,0,0,0
1764862745.960115,34266,0,0,0,0
1764862746.010437,34316,0,0,0,0
1764862746.060797,34366,0,0,0,0
1764862746.111159,34416,0,0,0,0
1764862746.161367,34466,0,0,0,0
1764862746.211713,34516,0,0,0,0
1764862746.260894,34566,0,0,0,0
1764862746.3112588,34616,0,0,0,0
1764862746.3616471,34666,0,0,0,0
1764862746.411842,34716,0,0,0,0
1764862746.462225,34766,0,0,0,0
1764862746.511616,34816,0,0,0,0
1764862746.5617652,34866,0,0,0,0
1764862746.6121469,34916,0,0,0,0
1764862746.6624691,34966,0,0,0,0
1764862746.712814,35016,0,0,0,0
1764862746.763115,35066,0,0,0,0
1764862746.812452,35116,0,0,0,0
1764862746.862717,35166,0,0,0,0
1764862746.913038,35216,0,0,0,0
1764862746.963426,35266,0,0,0,0
1764862747.0135832,35316,0,0,0,0
1764862747.063991,35366,0,0,0,0
1764862747.113325,35416,0,0,0,0
1764862747.1635442,35466,0,0,0,0
1764862747.213894,35516,0,0,0,0
1764862747.264215,35566,0,0,0,0
1764862747.314456,35616,0,0,0,0
1764862747.3648078,35666,0,0,0,0
1764862747.414167,35716,0,0,0,0
1764862747.464382,35766,0,0,0,0
1764862747.514729,35816,0,0,0,0
1764862747.564982,35866,0,0,0,0
1764862747.6153028,35916,0,0,0,0
1764862747.6657019,35966,0,0,0,0
1764862747.715043,36016,0,0,0,0
1764862747.765177,36066,0,0,0,0
1764862747.815603,36116,0,0,0,0
1764862747.865979,36166,0,0,0,0
1764862747.916173,36216,0,0,0,0
1764862747.966558,36267,0,0,0,0
1764862748.016938,36317,0,0,0,0
1764862748.067265,36367,0,0,0,0
1764862748.117481,36417,0,0,0,0
1764862748.167828,36467,0,0,0,0
1764862748.218169,36517,0,0,0,0
1764862748.267433,36567,0,0,0,0
1764862748.317696,36617,0,0,0,0
