Time_Sec;Pos_H;Pos_V;Pos_R;Temp_A;Temp_B;Set_A;Set_B;Stable_A;Stable_B
0.03;0.0;0.0;0.0;31.99145299145299;32.05128205128205;32.0;32.0;1;1
0.13;0.0;0.0;0.0;31.99145299145299;32.05128205128205;32.0;32.0;1;1
0.243;0.0;0.0;0.0;31.99145299145299;32.05128205128205;32.0;32.0;1;1
0.357;0.0;0.0;0.0;31.99145299145299;31.99145299145299;32.0;32.0;1;1
0.464;0.0;0.0;0.0;31.99145299145299;31.99145299145299;32.0;32.0;1;1
0.569;0.0;0.0;0.0;31.99145299145299;31.99145299145299;32.0;32.0;1;1
0.679;0.0;0.0;0.0;31.99145299145299;31.99145299145299;32.0;32.0;1;1
0.784;0.0;0.0;0.0;31.99145299145299;31.99145299145299;32.0;32.0;1;1
0.894;0.0;0.0;0.0;31.99145299145299;31.99145299145299;32.0;32.0;1;1
1.002;0.0;0.0;0.0;31.99145299145299;31.99145299145299;32.0;32.0;1;1
1.118;0.0;0.0;0.0;31.99145299145299;31.99145299145299;32.0;32.0;1;1
1.229;0.0;0.0;0.0;31.99145299145299;31.99145299145299;32.0;32.0;1;1
1.336;0.0;0.0;0.0;31.99145299145299;31.99145299145299;32.0;32.0;1;1
1.441;0.0;0.0;0.0;31.99145299145299;31.99145299145299;32.0;32.0;1;1
1.543;0.0;0.0;0.0;31.99145299145299;31.99145299145299;32.0;32.0;1;1
1.654;0.0;0.0;0.0;31.99145299145299;31.99145299145299;32.0;32.0;1;1
1.756;0.0;0.0;0.0;31.99145299145299;31.99145299145299;32.0;32.0;1;1
1.857;0.0;0.0;0.0;31.99145299145299;31.99145299145299;32.0;32.0;1;1
1.959;0.0;0.0;0.0;31.99145299145299;31.99145299145299;32.0;32.0;1;1
2.06;0.0;0.0;0.0;31.99145299145299;31.99145299145299;32.0;32.0;1;1
2.162;0.0;0.0;0.0;31.99145299145299;31.99145299145299;32.0;32.0;1;1
2.273;0.0;0.0;0.0;31.99145299145299;31.99145299145299;32.0;32.0;1;1
2.381;0.0;0.0;0.0;31.99145299145299;31.99145299145299;32.0;32.0;1;1
2.482;0.0;0.0;0.0;31.99145299145299;31.99145299145299;32.0;32.0;1;1
2.588;0.0;0.0;0.0;31.99145299145299;31.99145299145299;32.0;32.0;1;1
2.689;0.0;0.0;0.0;31.99145299145299;31.99145299145299;32.0;32.0;1;1
2.792;0.0;0.0;0.0;31.99145299145299;31.99145299145299;32.0;32.0;1;1
2.892;0.0;0.0;0.0;31.99145299145299;31.99145299145299;32.0;32.0;1;1
3.007;0.0;0.0;0.0;31.99145299145299;31.99145299145299;32.0;32.0;1;1
3.109;0.0;0.0;0.0;31.99145299145299;31.99145299145299;32.0;32.0;1;1
3.231;0.0;0.0;0.0;31.99145299145299;31.99145299145299;32.0;32.0;1;1
3.331;0.0;0.0;0.0;31.99145299145299;31.99145299145299;32.0;32.0;1;1
3.433;0.0;0.0;0.0;31.99145299145299;31.99145299145299;32.0;32.0;1;1
3.548;0.0;0.0;0.0;31.99145299145299;31.99145299145299;32.0;32.0;1;1
3.669;0.0;0.0;0.0;31.99145299145299;31.99145299145299;32.0;32.0;1;1
3.771;0.0;0.0;0.0;31.99145299145299;31.99145299145299;32.0;32.0;1;1
3.875;0.0;0.0;0.0;31.99145299145299;31.99145299145299;32.0;32.0;1;1
3.977;0.0;0.0;0.0;31.99145299145299;31.99145299145299;32.0;32.0;1;1
4.079;0.0;0.0;0.0;31.99145299145299;31.99145299145299;32.0;32.0;1;1
4.184;0.0;0.0;0.0;31.99145299145299;31.99145299145299;32.0;32.0;1;1
4.285;0.0;0.0;0.0;31.99145299145299;31.99145299145299;32.0;32.0;1;1
4.404;0.0;0.0;0.0;31.99145299145299;31.99145299145299;32.0;32.0;1;1
4.506;0.0;0.0;0.0;31.99145299145299;31.99145299145299;32.0;32.0;1;1
4.61;0.0;0.0;0.0;31.99145299145299;31.99145299145299;32.0;32.0;1;1
4.717;0.0;0.0;0.0;31.99145299145299;31.99145299145299;32.0;32.0;1;1
4.819;0.0;0.0;0.0;31.99145299145299;31.99145299145299;32.0;32.0;1;1
4.919;0.0;0.0;0.0;31.99145299145299;31.99145299145299;32.0;32.0;1;1
5.027;0.0;0.0;0.0;31.99145299145299;31.99145299145299;32.0;32.0;1;1
5.137;0.0;0.0;0.0;31.99145299145299;31.99145299145299;32.0;32.0;1;1
5.239;0.0;0.0;0.0;31.99145299145299;31.99145299145299;32.0;32.0;1;1
5.34;0.0;0.0;0.0;31.99145299145299;31.99145299145299;32.0;32.0;1;1
5.448;0.0;0.0;0.0;31.99145299145299;31.99145299145299;32.0;32.0;1;1
5.549;0.0;0.0;0.0;31.99145299145299;31.99145299145299;32.0;32.0;1;1
5.657;0.0;0.0;0.0;31.99145299145299;31.99145299145299;32.0;32.0;1;1
5.778;0.0;0.0;0.0;31.99145299145299;31.99145299145299;32.0;32.0;1;1
5.898;0.0;0.0;0.0;31.99145299145299;31.99145299145299;32.0;32.0;1;1
6.007;0.0;0.0;0.0;31.99145299145299;31.99145299145299;32.0;32.0;1;1
6.113;0.0;0.0;0.0;31.99145299145299;31.99145299145299;32.0;32.0;1;1
6.227;0.0;0.0;0.0;31.99145299145299;31.99145299145299;32.0;32.0;1;1
6.329;0.0;0.0;0.0;31.99145299145299;31.99145299145299;32.0;32.0;1;1
6.432;0.0;0.0;0.0;31.99145299145299;31.99145299145299;32.0;32.0;1;1
6.537;0.0;0.0;0.0;31.99145299145299;31.99145299145299;32.0;32.0;1;1
6.654;0.0;0.0;0.0;31.99145299145299;31.99145299145299;32.0;32.0;1;1
6.763;0.0;0.0;0.0;31.99145299145299;31.99145299145299;32.0;32.0;1;1
6.864;0.0;0.0;0.0;31.99145299145299;31.99145299145299;32.0;32.0;1;1
6.981;0.0;0.0;0.0;31.99145299145299;31.99145299145299;32.0;32.0;1;1
7.089;0.0;0.0;0.0;31.99145299145299;31.99145299145299;32.0;32.0;1;1
7.2;0.0;0.0;0.0;31.99145299145299;31.99145299145299;32.0;32.0;1;1
7.312;0.0;0.0;0.0;31.99145299145299;31.99145299145299;32.0;32.0;1;1
7.429;0.0;0.0;0.0;31.99145299145299;31.99145299145299;32.0;32.0;1;1
7.529;0.0;0.0;0.0;31.99145299145299;31.99145299145299;32.0;32.0;1;1
7.655;0.0;0.0;0.0;31.99145299145299;31.99145299145299;32.0;32.0;1;1
7.755;0.0;0.0;0.0;31.99145299145299;31.99145299145299;32.0;32.0;1;1
7.856;0.0;0.0;0.0;31.99145299145299;31.99145299145299;32.0;32.0;1;1
7.965;0.0;0.0;0.0;31.99145299145299;31.99145299145299;32.0;32.0;1;1
8.066;0.0;0.0;0.0;31.99145299145299;31.99145299145299;32.0;32.0;1;1
8.176;0.0;0.0;0.0;31.99145299145299;31.99145299145299;32.0;32.0;1;1
8.286;0.0;0.0;0.0;31.99145299145299;31.99145299145299;32.0;32.0;1;1
8.396;0.0;0.0;0.0;31.99145299145299;31.99145299145299;32.0;32.0;1;1
8.518;0.0;0.0;0.0;31.99145299145299;31.99145299145299;32.0;32.0;1;1
8.624;0.0;0.0;0.0;31.99145299145299;31.99145299145299;32.0;32.0;1;1
8.73;0.0;0.0;0.0;31.99145299145299;31.99145299145299;32.0;32.0;1;1
8.841;0.0;0.0;0.0;31.99145299145299;31.99145299145299;32.0;32.0;1;1
8.951;0.0;0.0;0.0;31.99145299145299;31.99145299145299;32.0;32.0;1;1
9.055;0.0;0.0;0.0;31.99145299145299;31.99145299145299;32.0;32.0;1;1
9.155;0.0;0.0;0.0;31.99145299145299;31.99145299145299;32.0;32.0;1;1
9.268;0.0;0.0;0.0;31.99145299145299;31.99145299145299;32.0;32.0;1;1
9.378;0.0;0.0;0.0;31.99145299145299;31.99145299145299;32.0;32.0;1;1
9.479;0.0;0.0;0.0;31.99145299145299;31.99145299145299;32.0;32.0;1;1
9.584;0.0;0.0;0.0;31.99145299145299;31.99145299145299;32.0;32.0;1;1
9.716;0.0;0.0;0.0;31.99145299145299;31.99145299145299;32.0;32.0;1;1
9.817;0.0;0.0;0.0;31.99145299145299;31.99145299145299;32.0;32.0;1;1
9.923;0.0;0.0;0.0;31.99145299145299;31.99145299145299;32.0;32.0;1;1
10.029;0.0;0.0;0.0;31.99145299145299;31.99145299145299;32.0;32.0;1;1
10.146;0.0;0.0;0.0;31.99145299145299;31.99145299145299;32.0;32.0;1;1
10.254;0.0;0.0;0.0;31.99145299145299;31.99145299145299;32.0;32.0;1;1
10.362;0.0;0.0;0.0;31.99145299145299;31.99145299145299;32.0;32.0;1;1
10.463;0.0;0.0;0.0;31.99145299145299;31.99145299145299;32.0;32.0;1;1
10.567;0.0;0.0;0.0;31.99145299145299;31.99145299145299;32.0;32.0;1;1
10.668;0.0;0.0;0.0;31.99145299145299;31.99145299145299;32.0;32.0;1;1
10.768;0.0;0.0;0.0;31.99145299145299;31.99145299145299;32.0;32.0;1;1
10.869;0.0;0.0;0.0;31.99145299145299;31.99145299145299;32.0;32.0;1;1
10.97;0.0;0.0;0.0;31.99145299145299;31.99145299145299;32.0;32.0;1;1
11.075;0.0;0.0;0.0;31.99145299145299;31.99145299145299;32.0;32.0;1;1
11.179;0.0;0.0;0.0;31.99145299145299;31.99145299145299;32.0;32.0;1;1
11.281;0.0;0.0;0.0;31.99145299145299;31.99145299145299;32.0;32.0;1;1
11.387;0.0;0.0;0.0;31.99145299145299;31.99145299145299;32.0;32.0;1;1
11.488;0.0;0.0;0.0;31.99145299145299;31.99145299145299;32.0;32.0;1;1
11.589;0.0;0.0;0.0;31.99145299145299;31.99145299145299;32.0;32.0;1;1
11.713;0.0;0.0;0.0;31.99145299145299;31.99145299145299;32.0;32.0;1;1
11.817;0.0;0.0;0.0;31.99145299145299;31.99145299145299;32.0;32.0;1;1
11.925;0.0;0.0;0.0;31.99145299145299;31.99145299145299;32.0;32.0;1;1
12.028;0.0;0.0;0.0;31.99145299145299;31.99145299145299;32.0;32.0;1;1
12.151;0.0;0.0;0.0;31.99145299145299;31.99145299145299;32.0;32.0;1;1
12.267;0.0;0.0;0.0;31.99145299145299;31.99145299145299;32.0;32.0;1;1
12.372;0.0;0.0;0.0;31.99145299145299;31.99145299145299;32.0;32.0;1;1
12.484;0.0;0.0;0.0;31.99145299145299;31.99145299145299;32.0;32.0;1;1
12.591;0.0;0.0;0.0;31.99145299145299;31.99145299145299;32.0;32.0;1;1
12.703;0.0;0.0;0.0;31.99145299145299;31.99145299145299;32.0;32.0;1;1
12.815;0.0;0.0;0.0;31.99145299145299;31.99145299145299;32.0;32.0;1;1
12.927;0.0;0.0;0.0;31.99145299145299;31.99145299145299;32.0;32.0;1;1
13.038;0.0;0.0;0.0;31.99145299145299;31.99145299145299;32.0;32.0;1;1
13.15;0.0;0.0;0.0;31.99145299145299;31.99145299145299;32.0;32.0;1;1
13.291;0.0;0.0;0.0;31.99145299145299;31.99145299145299;32.0;32.0;1;1
13.392;0.0;0.0;0.0;31.99145299145299;31.99145299145299;32.0;32.0;1;1
13.492;0.0;0.0;0.0;31.99145299145299;31.99145299145299;32.0;32.0;1;1
13.593;0.0;0.0;0.0;31.99145299145299;31.99145299145299;32.0;32.0;1;1
13.694;0.0;0.0;0.0;31.99145299145299;31.99145299145299;32.0;32.0;1;1
13.806;0.0;0.0;0.0;31.99145299145299;31.99145299145299;32.0;32.0;1;1
13.911;0.0;0.0;0.0;31.99145299145299;31.99145299145299;32.0;32.0;1;1
14.021;0.0;0.0;0.0;31.99145299145299;31.99145299145299;32.0;32.0;1;1
14.133;0.0;0.0;0.0;31.99145299145299;31.99145299145299;32.0;32.0;1;1
14.244;0.0;0.0;0.0;31.99145299145299;31.99145299145299;32.0;32.0;1;1
14.36;0.0;0.0;0.0;31.99145299145299;31.99145299145299;32.0;32.0;1;1
14.461;0.0;0.0;0.0;31.99145299145299;31.99145299145299;32.0;32.0;1;1
14.564;0.0;0.0;0.0;31.99145299145299;31.99145299145299;32.0;32.0;1;1
14.678;0.0;0.0;0.0;31.99145299145299;31.99145299145299;32.0;32.0;1;1
14.784;0.0;0.0;0.0;31.99145299145299;31.99145299145299;32.0;32.0;1;1
14.9;0.0;0.0;0.0;31.99145299145299;31.99145299145299;32.0;32.0;1;1
15.009;0.0;0.0;0.0;31.99145299145299;31.99145299145299;32.0;32.0;1;1
15.119;0.0;0.0;0.0;31.99145299145299;31.99145299145299;32.0;32.0;1;1
15.233;0.0;0.0;0.0;31.99145299145299;31.99145299145299;32.0;32.0;1;1
15.336;0.0;0.0;0.0;31.99145299145299;31.99145299145299;32.0;32.0;1;1
15.44;0.0;0.0;0.0;31.99145299145299;31.99145299145299;32.0;32.0;1;1
15.548;0.0;0.0;0.0;31.99145299145299;31.99145299145299;32.0;32.0;1;1
15.658;0.0;0.0;0.0;31.99145299145299;31.99145299145299;32.0;32.0;1;1
15.769;0.0;0.0;0.0;31.99145299145299;31.99145299145299;32.0;32.0;1;1
15.883;0.0;0.0;0.0;31.99145299145299;31.99145299145299;32.0;32.0;1;1
15.99;0.0;0.0;0.0;31.99145299145299;31.99145299145299;32.0;32.0;1;1
16.103;0.0;0.0;0.0;31.99145299145299;31.99145299145299;32.0;32.0;1;1
16.216;0.0;0.0;0.0;31.99145299145299;31.99145299145299;32.0;32.0;1;1
16.325;0.0;0.0;0.0;31.99145299145299;31.99145299145299;32.0;32.0;1;1
16.441;0.0;0.0;0.0;31.99145299145299;31.99145299145299;32.0;32.0;1;1
16.549;0.0;0.0;0.0;31.99145299145299;31.99145299145299;32.0;32.0;1;1
16.673;0.0;0.0;0.0;31.99145299145299;31.99145299145299;32.0;32.0;1;1
16.783;0.0;0.0;0.0;31.99145299145299;31.99145299145299;32.0;32.0;1;1
16.898;0.0;0.0;0.0;31.99145299145299;31.99145299145299;32.0;32.0;1;1
17.0;0.0;0.0;0.0;31.99145299145299;31.99145299145299;32.0;32.0;1;1
17.101;0.0;0.0;0.0;31.99145299145299;31.99145299145299;32.0;32.0;1;1
17.207;0.0;0.0;0.0;31.99145299145299;31.99145299145299;32.0;32.0;1;1
17.307;0.0;0.0;0.0;31.99145299145299;31.99145299145299;32.0;32.0;1;1
17.415;0.0;0.0;0.0;31.99145299145299;31.99145299145299;32.0;32.0;1;1
17.53;0.0;0.0;0.0;31.99145299145299;31.99145299145299;32.0;32.0;1;1
17.636;0.0;0.0;0.0;31.99145299145299;31.99145299145299;32.0;32.0;1;1
17.755;0.0;0.0;0.0;31.99145299145299;31.99145299145299;32.0;32.0;1;1
17.873;0.0;0.0;0.0;31.99145299145299;31.99145299145299;32.0;32.0;1;1
17.974;0.0;0.0;0.0;31.99145299145299;31.99145299145299;32.0;32.0;1;1
18.077;0.0;0.0;0.0;31.99145299145299;31.99145299145299;32.0;32.0;1;1
18.195;0.0;0.0;0.0;31.99145299145299;31.99145299145299;32.0;32.0;1;1
18.31;0.0;0.0;0.0;31.99145299145299;31.99145299145299;32.0;32.0;1;1
18.413;0.0;0.0;0.0;31.99145299145299;32.05128205128205;32.0;32.0;1;1
18.519;0.0;0.0;0.0;31.99145299145299;32.05128205128205;32.0;32.0;1;1
18.62;0.0;0.0;0.0;31.99145299145299;32.05128205128205;32.0;32.0;1;1
18.738;0.0;0.0;0.0;31.99145299145299;32.05128205128205;32.0;32.0;1;1
18.839;0.0;0.0;0.0;31.99145299145299;32.05128205128205;32.0;32.0;1;1
18.945;0.0;0.0;0.0;31.99145299145299;32.05128205128205;32.0;32.0;1;1
19.062;0.0;0.0;0.0;31.99145299145299;32.05128205128205;32.0;32.0;1;1
19.164;0.0;0.0;0.0;31.99145299145299;32.05128205128205;32.0;32.0;1;1
19.265;0.0;0.0;0.0;31.99145299145299;32.05128205128205;32.0;32.0;1;1
19.369;0.0;0.0;0.0;31.99145299145299;31.99145299145299;32.0;32.0;1;1
19.469;0.0;0.0;0.0;31.99145299145299;31.99145299145299;32.0;32.0;1;1
19.589;0.0;0.0;0.0;31.99145299145299;31.99145299145299;32.0;32.0;1;1
19.691;0.0;0.0;0.0;31.99145299145299;31.99145299145299;32.0;32.0;1;1
19.793;0.0;0.0;0.0;31.99145299145299;31.99145299145299;32.0;32.0;1;1
19.905;0.0;0.0;0.0;31.99145299145299;31.99145299145299;32.0;32.0;1;1
20.031;0.0;0.0;0.0;31.99145299145299;31.99145299145299;32.0;32.0;1;1
20.135;0.0;0.0;0.0;31.99145299145299;31.99145299145299;32.0;32.0;1;1
20.255;0.0;0.0;0.0;31.99145299145299;31.99145299145299;32.0;32.0;1;1
20.359;0.0;0.0;0.0;31.99145299145299;31.99145299145299;32.0;32.0;1;1
20.486;0.0225;0.0;0.0;31.99145299145299;31.99145299145299;32.0;32.0;1;1
20.61;0.71875;0.0;0.0;31.99145299145299;31.99145299145299;32.0;32.0;1;1
20.721;1.22875;0.0;0.0;31.99145299145299;31.99145299145299;32.0;32.0;1;1
20.822;1.99;0.0;0.0;31.99145299145299;31.99145299145299;32.0;32.0;1;1
20.926;2.245;0.0;0.0;31.99145299145299;31.99145299145299;32.0;32.0;1;1
21.048;3.01;0.0;0.0;31.99145299145299;31.99145299145299;32.0;32.0;1;1
21.163;3.515;0.0;0.0;31.99145299145299;31.99145299145299;32.0;32.0;1;1
21.269;4.2775;0.0;0.0;31.99145299145299;31.99145299145299;32.0;32.0;1;1
21.378;4.5325;0.0;0.0;31.99145299145299;31.99145299145299;32.0;32.0;1;1
21.479;5.0;0.0;0.0;31.99145299145299;31.99145299145299;32.0;32.0;1;1
21.603;5.0;0.0;0.0;31.99145299145299;31.99145299145299;32.0;32.0;1;1
21.711;5.0;0.0;0.0;31.99145299145299;31.99145299145299;32.0;32.0;1;1
21.827;5.0;0.0;0.0;31.99145299145299;31.99145299145299;32.0;32.0;1;1
21.928;5.0;0.0;0.0;31.99145299145299;31.99145299145299;32.0;32.0;1;1
22.03;5.0;0.0;0.0;31.99145299145299;31.99145299145299;32.0;32.0;1;1
22.144;5.0;0.0;0.0;31.99145299145299;31.99145299145299;32.0;32.0;1;1
22.25;5.0;0.0;0.0;31.99145299145299;31.99145299145299;32.0;32.0;1;1
22.351;5.0;0.0;0.0;31.99145299145299;31.99145299145299;32.0;32.0;1;1
22.471;5.0;0.0;0.0;31.99145299145299;31.99145299145299;32.0;32.0;1;1
22.577;5.0;0.0;0.0;31.99145299145299;31.99145299145299;32.0;32.0;1;1
22.706;5.0;0.0;0.0;31.99145299145299;31.99145299145299;32.0;32.0;1;1
22.807;5.0;0.0;0.0;31.99145299145299;31.99145299145299;32.0;32.0;1;1
22.912;5.0;0.0;0.0;31.99145299145299;31.99145299145299;32.0;32.0;1;1
23.021;5.0;0.0;0.0;31.99145299145299;31.99145299145299;32.0;32.0;1;1
23.129;5.0;0.0;0.0;31.99145299145299;31.99145299145299;32.0;32.0;1;1
23.23;5.0;0.0;0.0;31.99145299145299;31.99145299145299;32.0;32.0;1;1
23.339;5.0;0.0;0.0;31.99145299145299;31.99145299145299;32.0;32.0;1;1
23.45;5.0;0.0;0.0;31.99145299145299;31.99145299145299;32.0;32.0;1;1
23.561;5.0;0.0;0.0;31.99145299145299;31.99145299145299;32.0;32.0;1;1
23.674;4.79625;0.0;0.0;31.99145299145299;31.99145299145299;32.0;32.0;1;1
23.787;4.53875;0.0;0.0;31.99145299145299;31.99145299145299;32.0;32.0;1;1
23.891;3.775;0.0;0.0;31.99145299145299;31.99145299145299;32.0;32.0;1;1
24.002;3.27125;0.0;0.0;31.99145299145299;31.99145299145299;32.0;32.0;1;1
24.119;2.7625;0.0;0.0;31.99145299145299;31.99145299145299;32.0;32.0;1;1
24.234;2.255;0.0;0.0;31.99145299145299;31.99145299145299;32.0;32.0;1;1
24.345;1.7525;0.0;0.0;31.99145299145299;31.99145299145299;32.0;32.0;1;1
24.447;0.99125;0.0;0.0;31.99145299145299;31.99145299145299;32.0;32.0;1;1
24.553;0.48375;0.0;0.0;31.99145299145299;31.99145299145299;32.0;32.0;1;1
24.653;0.03125;0.0;0.0;31.99145299145299;31.99145299145299;32.0;32.0;1;1
24.76;0.0;0.0;0.0;31.99145299145299;31.99145299145299;32.0;32.0;1;1
24.889;0.0;0.0;0.0;31.99145299145299;31.99145299145299;32.0;32.0;1;1
24.991;0.0;0.0;0.0;31.99145299145299;31.99145299145299;32.0;32.0;1;1
25.097;0.0;0.0;0.0;31.99145299145299;31.99145299145299;32.0;32.0;1;1
25.203;0.0;0.0;0.0;31.99145299145299;31.99145299145299;32.0;32.0;1;1
25.314;0.0;0.0;0.0;31.99145299145299;31.99145299145299;32.0;32.0;1;1
25.416;0.0;0.0;0.0;31.99145299145299;31.99145299145299;32.0;32.0;1;1
25.519;0.0;0.0;0.0;31.94017094017094;31.99145299145299;32.0;32.0;1;1
25.619;0.0;0.0;0.0;31.94017094017094;31.99145299145299;32.0;32.0;1;1
25.72;0.0;0.0;0.0;31.94017094017094;31.99145299145299;32.0;32.0;1;1
25.821;0.0;0.0;0.0;31.94017094017094;31.99145299145299;32.0;32.0;1;1
25.921;0.0;0.0;0.0;31.94017094017094;31.99145299145299;32.0;32.0;1;1
26.022;0.0;0.0;0.0;31.94017094017094;31.99145299145299;32.0;32.0;1;1
26.122;0.0;0.0;0.0;31.94017094017094;31.99145299145299;32.0;32.0;1;1
26.223;0.0;0.0;0.0;31.94017094017094;31.99145299145299;32.0;32.0;1;1
26.324;0.0;0.0;0.0;31.94017094017094;31.99145299145299;32.0;32.0;1;1
26.435;0.0;0.0;0.0;31.99145299145299;31.99145299145299;32.0;32.0;1;1
26.54;0.0;0.0;0.0;31.99145299145299;31.99145299145299;32.0;32.0;1;1
26.645;0.0;0.0;0.0;31.99145299145299;31.99145299145299;32.0;32.0;1;1
26.746;0.0;0.0;0.0;31.99145299145299;31.99145299145299;32.0;32.0;1;1
26.855;0.0;0.0;0.0;31.99145299145299;31.99145299145299;32.0;32.0;1;1
26.966;0.0;0.0;0.12379301807378065;31.99145299145299;31.99145299145299;32.0;32.0;1;1
27.082;0.0;0.0;0.5570685813320129;31.99145299145299;31.99145299145299;32.0;32.0;1;1
27.193;0.0;0.0;1.0522406536271356;31.99145299145299;31.99145299145299;32.0;32.0;1;1
27.304;0.0;0.0;1.7949987620698193;31.99145299145299;31.99145299145299;32.0;32.0;1;1
27.417;0.0;0.0;2.290170834364942;31.99145299145299;31.99145299145299;32.0;32.0;1;1
27.525;0.0;0.0;2.785342906660065;31.99145299145299;31.99145299145299;32.0;32.0;1;1
27.639;0.0;0.0;3.2805149789551873;31.99145299145299;31.99145299145299;32.0;32.0;1;1
27.745;0.0;0.0;3.77568705125031;31.99145299145299;31.99145299145299;32.0;32.0;1;1
27.847;0.0;0.0;4.270859123545432;31.99145299145299;31.99145299145299;32.0;32.0;1;1
27.955;0.0;0.0;4.889824213914336;31.99145299145299;31.99145299145299;32.0;32.0;1;1
28.063;0.0;0.0;4.951720722951226;31.99145299145299;31.99145299145299;32.0;32.0;1;1
28.176;0.0;0.0;4.951720722951226;31.99145299145299;31.99145299145299;32.0;32.0;1;1
28.281;0.0;0.0;4.951720722951226;31.99145299145299;31.99145299145299;32.0;32.0;1;1
28.393;0.0;0.0;4.951720722951226;31.99145299145299;31.99145299145299;32.0;32.0;1;1
28.507;0.0;0.0;4.951720722951226;31.99145299145299;31.99145299145299;32.0;32.0;1;1
28.617;0.0;0.0;4.951720722951226;31.99145299145299;31.99145299145299;32.0;32.0;1;1
28.731;0.0;0.0;4.951720722951226;31.99145299145299;31.99145299145299;32.0;32.0;1;1
28.839;0.0;0.0;4.951720722951226;31.99145299145299;31.99145299145299;32.0;32.0;1;1
28.94;0.0;0.0;4.951720722951226;31.99145299145299;31.99145299145299;32.0;32.0;1;1
29.043;0.0;0.0;4.951720722951226;31.99145299145299;31.99145299145299;32.0;32.0;1;1
29.144;0.0;0.0;4.951720722951226;31.99145299145299;31.99145299145299;32.0;32.0;1;1
29.244;0.0;0.0;4.951720722951226;31.99145299145299;31.99145299145299;32.0;32.0;1;1
29.345;0.0;0.0;4.951720722951226;31.99145299145299;31.99145299145299;32.0;32.0;1;1
29.445;0.0;0.0;4.951720722951226;31.99145299145299;31.99145299145299;32.0;32.0;1;1
29.548;0.0;0.0;4.951720722951226;31.99145299145299;31.99145299145299;32.0;32.0;1;1
29.652;0.0;0.0;4.951720722951226;31.99145299145299;31.99145299145299;32.0;32.0;1;1
29.758;0.0;0.0;4.951720722951226;31.99145299145299;31.99145299145299;32.0;32.0;1;1
29.864;0.0;0.0;4.951720722951226;31.99145299145299;31.99145299145299;32.0;32.0;1;1
29.964;0.0;0.0;4.951720722951226;31.99145299145299;31.99145299145299;32.0;32.0;1;1
30.065;0.0;0.0;4.951720722951226;31.99145299145299;31.99145299145299;32.0;32.0;1;1
30.175;0.0;0.0;4.827927704877445;31.99145299145299;31.99145299145299;32.0;32.0;1;1
30.282;0.0;0.0;4.394652141619213;31.99145299145299;31.99145299145299;32.0;32.0;1;1
30.398;0.0;0.0;3.8994800693240905;31.99145299145299;31.99145299145299;32.0;32.0;1;1
30.51;0.0;0.0;3.1567219608814066;31.99145299145299;31.99145299145299;32.0;32.0;1;1
30.62;0.0;0.0;2.661549888586284;31.99145299145299;31.99145299145299;32.0;32.0;1;1
30.731;0.0;0.0;2.1663778162911616;31.99145299145299;31.99145299145299;32.0;32.0;1;1
30.838;0.0;0.0;1.6712057439960388;31.99145299145299;31.99145299145299;32.0;32.0;1;1
30.941;0.0;0.0;1.176033671700916;31.99145299145299;31.99145299145299;32.0;32.0;1;1
31.049;0.0;0.0;0.6808615994057936;31.99145299145299;31.99145299145299;32.0;32.0;1;1
31.171;0.0;0.0;0.18568952711067097;31.99145299145299;31.99145299145299;32.0;32.0;1;1
31.273;0.0;0.0;-0.5570685813320129;31.99145299145299;31.99145299145299;32.0;32.0;1;1
31.381;0.0;0.0;-1.0522406536271356;31.99145299145299;31.99145299145299;32.0;32.0;1;1
31.508;0.0;0.0;-1.547412725922258;31.99145299145299;31.99145299145299;32.0;32.0;1;1
31.616;0.0;0.0;-2.290170834364942;31.99145299145299;31.99145299145299;32.0;32.0;1;1
31.725;0.0;0.0;-2.5377568705125033;31.99145299145299;31.99145299145299;32.0;32.0;1;1
31.825;0.0;0.0;-3.2805149789551873;31.99145299145299;31.99145299145299;32.0;32.0;1;1
31.933;0.0;0.0;-3.77568705125031;31.99145299145299;31.99145299145299;32.0;32.0;1;1
32.034;0.0;0.0;-4.518445159692994;31.99145299145299;31.99145299145299;32.0;32.0;1;1
32.139;0.0;0.0;-4.766031195840555;31.99145299145299;31.99145299145299;32.0;32.0;1;1
32.255;0.0;0.0;-4.951720722951226;31.99145299145299;31.99145299145299;32.0;32.0;1;1
32.356;0.0;0.0;-4.951720722951226;31.99145299145299;31.99145299145299;32.0;32.0;1;1
32.463;0.0;0.0;-4.951720722951226;31.99145299145299;31.99145299145299;32.0;32.0;1;1
32.576;0.0;0.0;-4.951720722951226;31.99145299145299;31.99145299145299;32.0;32.0;1;1
32.684;0.0;0.0;-4.951720722951226;31.99145299145299;31.99145299145299;32.0;32.0;1;1
32.795;0.0;0.0;-4.951720722951226;31.99145299145299;31.99145299145299;32.0;32.0;1;1
32.899;0.0;0.0;-4.951720722951226;31.99145299145299;31.99145299145299;32.0;32.0;1;1
33.0;0.0;0.0;-4.951720722951226;31.99145299145299;31.99145299145299;32.0;32.0;1;1
33.101;0.0;0.0;-4.951720722951226;31.99145299145299;31.99145299145299;32.0;32.0;1;1
33.202;0.0;0.0;-4.951720722951226;31.99145299145299;31.99145299145299;32.0;32.0;1;1
33.317;0.0;0.0;-4.951720722951226;31.99145299145299;31.99145299145299;32.0;32.0;1;1
33.418;0.0;0.0;-4.951720722951226;31.99145299145299;31.99145299145299;32.0;32.0;1;1
33.524;0.0;0.0;-4.951720722951226;31.99145299145299;31.99145299145299;32.0;32.0;1;1
33.625;0.0;0.0;-4.951720722951226;31.99145299145299;31.99145299145299;32.0;32.0;1;1
33.725;0.0;0.0;-4.951720722951226;31.99145299145299;31.99145299145299;32.0;32.0;1;1
33.826;0.0;0.0;-4.951720722951226;31.99145299145299;31.99145299145299;32.0;32.0;1;1
33.937;0.0;0.0;-4.951720722951226;31.99145299145299;31.99145299145299;32.0;32.0;1;1
34.037;0.0;0.0;-4.951720722951226;31.99145299145299;31.99145299145299;32.0;32.0;1;1
34.153;0.0;0.0;-4.951720722951226;31.99145299145299;31.99145299145299;32.0;32.0;1;1
34.255;0.0;0.0;-4.951720722951226;31.99145299145299;31.99145299145299;32.0;32.0;1;1
34.386;0.0;0.0;-4.6422381777667745;31.99145299145299;31.99145299145299;32.0;32.0;1;1
34.486;0.0;0.0;-4.208962614508542;31.99145299145299;31.99145299145299;32.0;32.0;1;1
34.597;0.0;0.0;-3.7137905422134194;31.99145299145299;31.99145299145299;32.0;32.0;1;1
34.698;0.0;0.0;-2.909135924733845;31.99145299145299;31.99145299145299;32.0;32.0;1;1
34.822;0.0;0.0;-2.7234463976231744;31.99145299145299;31.99145299145299;32.0;32.0;1;1
34.923;0.0;0.0;-1.9806882891804904;31.99145299145299;31.99145299145299;32.0;32.0;1;1
35.044;0.0;0.0;-1.4855162168853677;31.99145299145299;31.99145299145299;32.0;32.0;1;1
35.146;0.0;0.0;-0.7427581084426839;31.99145299145299;31.99145299145299;32.0;32.0;1;1
35.258;0.0;0.0;-0.4951720722951226;31.99145299145299;31.99145299145299;32.0;32.0;1;1
35.36;0.0;0.0;0.0;31.99145299145299;31.99145299145299;32.0;32.0;1;1
35.462;0.0;0.0;0.0;31.99145299145299;31.99145299145299;32.0;32.0;1;1
35.566;0.0;0.0;0.0;31.99145299145299;31.99145299145299;32.0;32.0;1;1
35.683;0.0;0.0;0.0;31.99145299145299;31.99145299145299;32.0;32.0;1;1
35.806;0.0;0.0;0.0;31.99145299145299;31.99145299145299;32.0;32.0;1;1
35.922;0.0;0.0;0.0;31.99145299145299;31.99145299145299;32.0;32.0;1;1
36.022;0.0;0.0;0.0;31.99145299145299;31.99145299145299;32.0;32.0;1;1
36.127;0.0;0.0;0.0;31.99145299145299;31.99145299145299;32.0;32.0;1;1
36.235;0.0;0.0;0.0;31.99145299145299;31.99145299145299;32.0;32.0;1;1
36.347;0.0;0.0;0.0;31.99145299145299;31.99145299145299;32.0;32.0;1;1
36.451;0.0;0.0;0.0;31.99145299145299;31.99145299145299;32.0;32.0;1;1
36.585;0.0;0.0;0.0;31.99145299145299;31.99145299145299;32.0;32.0;1;1
36.686;0.0;0.0;0.0;31.99145299145299;31.99145299145299;32.0;32.0;1;1
36.801;0.0;0.0;0.0;31.99145299145299;31.99145299145299;32.0;32.0;1;1
36.902;0.0;0.0;0.0;31.99145299145299;31.99145299145299;32.0;32.0;1;1
37.003;0.0;0.0;0.0;31.99145299145299;31.99145299145299;32.0;32.0;1;1
37.116;0.0;0.0;0.0;31.99145299145299;31.99145299145299;32.0;32.0;1;1
37.223;0.0;0.0;0.0;31.99145299145299;31.99145299145299;32.0;32.0;1;1
37.334;0.0;0.0;0.0;31.99145299145299;31.99145299145299;32.0;32.0;1;1
37.446;0.0;0.0;0.0;31.99145299145299;31.99145299145299;32.0;32.0;1;1
37.546;0.0;0.0;0.0;31.99145299145299;31.99145299145299;32.0;32.0;1;1
37.649;0.0;0.0;0.0;31.99145299145299;31.99145299145299;32.0;32.0;1;1
37.771;0.0;0.0;0.0;31.99145299145299;31.99145299145299;32.0;32.0;1;1
37.887;0.0;0.0;0.0;31.99145299145299;31.99145299145299;32.0;32.0;1;1
37.997;0.0;0.0;0.0;31.99145299145299;31.99145299145299;32.0;32.0;1;1
38.107;0.0;0.0;0.0;31.99145299145299;31.99145299145299;32.0;32.0;1;1
38.217;0.0;0.0;0.0;31.99145299145299;31.99145299145299;32.0;32.0;1;1
38.323;0.0;0.0;0.0;31.99145299145299;31.99145299145299;32.0;32.0;1;1
38.443;0.0;0.0;0.0;31.99145299145299;31.99145299145299;32.0;32.0;1;1
38.543;0.0;0.0;0.0;31.99145299145299;31.99145299145299;32.0;32.0;1;1
38.645;0.0;0.0;0.0;31.99145299145299;31.99145299145299;32.0;32.0;1;1
38.746;0.0;0.0;0.0;31.99145299145299;31.99145299145299;32.0;32.0;1;1
38.847;0.0;0.0;0.0;31.99145299145299;31.99145299145299;32.0;32.0;1;1
38.958;0.0;0.0;0.0;31.99145299145299;31.99145299145299;32.0;32.0;1;1
39.069;0.0;0.0;0.0;31.99145299145299;31.99145299145299;32.0;32.0;1;1
39.18;0.0;0.0;0.0;31.99145299145299;31.99145299145299;32.0;32.0;1;1
39.297;0.0;0.0;0.0;31.99145299145299;31.99145299145299;32.0;32.0;1;1
39.402;0.0;0.0;0.0;31.99145299145299;31.99145299145299;32.0;32.0;1;1
39.505;0.0;0.0;0.0;31.99145299145299;31.99145299145299;32.0;32.0;1;1
39.627;0.0;0.0;0.0;31.99145299145299;31.99145299145299;32.0;32.0;1;1
39.736;0.0;0.0;0.0;31.99145299145299;31.99145299145299;32.0;32.0;1;1
39.856;0.0;0.0;0.2475860361475613;31.99145299145299;31.99145299145299;32.0;32.0;1;1
39.958;0.0;0.0;0.7427581084426839;31.99145299145299;31.99145299145299;32.0;32.0;1;1
40.078;0.0;0.0;1.2379301807378065;31.99145299145299;31.99145299145299;32.0;32.0;1;1
40.181;0.0;0.0;1.733102253032929;31.99145299145299;31.99145299145299;32.0;32.0;1;1
40.289;0.0;0.0;2.2282743253280515;31.99145299145299;31.99145299145299;32.0;32.0;1;1
40.397;0.0;0.0;2.9710324337707354;31.99145299145299;31.99145299145299;32.0;32.0;1;1
40.509;0.0;0.0;3.466204506065858;31.99145299145299;31.99145299145299;32.0;32.0;1;1
40.623;0.0;0.0;3.961376578360981;31.99145299145299;31.99145299145299;32.0;32.0;1;1
40.734;0.0;0.0;4.456548650656103;31.99145299145299;31.99145299145299;32.0;32.0;1;1
40.835;0.0;0.0;4.951720722951226;31.99145299145299;31.99145299145299;32.0;32.0;1;1
40.939;0.0;0.0;4.951720722951226;31.99145299145299;31.99145299145299;32.0;32.0;1;1
41.051;0.0;0.0;4.951720722951226;31.99145299145299;31.99145299145299;32.0;32.0;1;1
41.158;0.0;0.0;4.951720722951226;31.99145299145299;31.99145299145299;32.0;32.0;1;1
41.27;0.0;0.0;4.951720722951226;31.99145299145299;31.99145299145299;32.0;32.0;1;1
41.381;0.0;0.0;4.951720722951226;31.99145299145299;31.99145299145299;32.0;32.0;1;1
41.489;0.0;0.0;4.951720722951226;31.99145299145299;31.99145299145299;32.0;32.0;1;1
41.589;0.0;0.0;4.951720722951226;31.99145299145299;31.99145299145299;32.0;32.0;1;1
41.693;0.0;0.0;4.951720722951226;31.99145299145299;31.99145299145299;32.0;32.0;1;1
41.794;0.0;0.0;4.951720722951226;31.99145299145299;31.99145299145299;32.0;32.0;1;1
41.9;0.0;0.0;4.951720722951226;31.99145299145299;31.99145299145299;32.0;32.0;1;1
42.002;0.0;0.0;4.951720722951226;31.99145299145299;31.99145299145299;32.0;32.0;1;1
42.103;0.0;0.0;4.951720722951226;31.99145299145299;31.99145299145299;32.0;32.0;1;1
42.203;0.0;0.0;4.951720722951226;31.99145299145299;31.99145299145299;32.0;32.0;1;1
42.304;0.0;0.0;4.951720722951226;31.99145299145299;31.99145299145299;32.0;32.0;1;1
42.406;0.0;0.0;4.951720722951226;31.99145299145299;31.94017094017094;32.0;32.0;1;1
42.506;0.0;0.0;4.951720722951226;31.99145299145299;31.94017094017094;32.0;32.0;1;1
42.609;0.0;0.0;4.951720722951226;31.99145299145299;31.94017094017094;32.0;32.0;1;1
42.709;0.0;0.0;4.951720722951226;31.99145299145299;31.94017094017094;32.0;32.0;1;1
42.81;0.0;0.0;4.951720722951226;31.99145299145299;31.94017094017094;32.0;32.0;1;1
42.911;0.0;0.0;4.951720722951226;31.99145299145299;31.94017094017094;32.0;32.0;1;1
43.018;0.0;0.0;4.889824213914336;31.99145299145299;31.94017094017094;32.0;32.0;1;1
43.128;0.0;0.0;4.456548650656103;31.99145299145299;31.94017094017094;32.0;32.0;1;1
43.242;0.0;0.0;4.023273087397871;31.99145299145299;31.94017094017094;32.0;32.0;1;1
43.355;0.0;0.0;3.218618469918297;31.99145299145299;31.94017094017094;32.0;32.0;1;1
43.462;0.0;0.0;2.7234463976231744;31.99145299145299;31.94017094017094;32.0;32.0;1;1
43.594;0.0;0.0;2.290170834364942;31.99145299145299;31.99145299145299;32.0;32.0;1;1
43.696;0.0;0.0;1.4855162168853677;31.99145299145299;31.99145299145299;32.0;32.0;1;1
43.803;0.0;0.0;1.0522406536271356;31.99145299145299;31.99145299145299;32.0;32.0;1;1
43.904;0.0;0.0;0.8046546174795742;31.99145299145299;31.99145299145299;32.0;32.0;1;1
44.006;0.0;0.0;0.061896509036890326;31.99145299145299;31.99145299145299;32.0;32.0;1;1
44.12;0.0;0.0;-0.4951720722951226;31.99145299145299;31.99145299145299;32.0;32.0;1;1
44.232;0.0;0.0;-0.9903441445902452;31.99145299145299;31.99145299145299;32.0;32.0;1;1
44.338;0.0;0.0;-1.4855162168853677;31.99145299145299;31.99145299145299;32.0;32.0;1;1
44.438;0.0;0.0;-1.9187917801436;31.99145299145299;31.99145299145299;32.0;32.0;1;1
44.545;0.0;0.0;-2.7234463976231744;31.99145299145299;31.99145299145299;32.0;32.0;1;1
44.645;0.0;0.0;-3.1567219608814066;31.99145299145299;31.99145299145299;32.0;32.0;1;1
44.746;0.0;0.0;-3.651894033176529;31.99145299145299;31.99145299145299;32.0;32.0;1;1
44.847;0.0;0.0;-4.208962614508542;31.99145299145299;31.99145299145299;32.0;32.0;1;1
44.947;0.0;0.0;-4.6422381777667745;31.99145299145299;31.99145299145299;32.0;32.0;1;1
45.048;0.0;0.0;-4.951720722951226;31.99145299145299;31.99145299145299;32.0;32.0;1;1
45.151;0.0;0.0;-4.951720722951226;31.99145299145299;31.99145299145299;32.0;32.0;1;1
45.254;0.0;0.0;-4.951720722951226;31.99145299145299;31.99145299145299;32.0;32.0;1;1
45.361;0.0;0.0;-4.951720722951226;31.99145299145299;31.99145299145299;32.0;32.0;1;1
45.464;0.0;0.0;-4.951720722951226;31.99145299145299;31.99145299145299;32.0;32.0;1;1
45.565;0.0;0.0;-4.951720722951226;31.99145299145299;31.99145299145299;32.0;32.0;1;1
45.678;0.0;0.0;-4.951720722951226;31.99145299145299;31.99145299145299;32.0;32.0;1;1
45.792;0.0;0.0;-4.951720722951226;31.99145299145299;31.99145299145299;32.0;32.0;1;1
45.9;0.0;0.0;-4.951720722951226;31.99145299145299;31.99145299145299;32.0;32.0;1;1
46.011;0.0;0.0;-4.951720722951226;31.99145299145299;31.99145299145299;32.0;32.0;1;1
46.112;0.0;0.0;-4.951720722951226;31.99145299145299;31.99145299145299;32.0;32.0;1;1
46.215;0.0;0.0;-4.951720722951226;31.99145299145299;31.99145299145299;32.0;32.0;1;1
46.331;0.0;0.0;-4.951720722951226;31.99145299145299;31.99145299145299;32.0;32.0;1;1
46.44;0.0;0.0;-4.951720722951226;31.99145299145299;31.99145299145299;32.0;32.0;1;1
46.54;0.0;0.0;-4.951720722951226;31.99145299145299;31.99145299145299;32.0;32.0;1;1
46.645;0.0;0.0;-4.951720722951226;31.99145299145299;31.99145299145299;32.0;32.0;1;1
46.754;0.0;0.0;-4.951720722951226;31.99145299145299;31.99145299145299;32.0;32.0;1;1
46.86;0.0;0.0;-4.951720722951226;31.99145299145299;31.99145299145299;32.0;32.0;1;1
46.961;0.0;0.0;-4.951720722951226;31.99145299145299;31.99145299145299;32.0;32.0;1;1
47.065;0.0;0.0;-4.951720722951226;31.99145299145299;31.99145299145299;32.0;32.0;1;1
47.166;0.0;0.0;-4.951720722951226;31.99145299145299;31.99145299145299;32.0;32.0;1;1
47.274;0.0;0.0;-4.766031195840555;31.99145299145299;31.99145299145299;32.0;32.0;1;1
47.374;0.0;0.0;-4.270859123545432;31.99145299145299;31.99145299145299;32.0;32.0;1;1
47.482;0.0;0.0;-3.77568705125031;31.99145299145299;31.99145299145299;32.0;32.0;1;1
47.59;0.0;0.0;-3.032928942807626;31.99145299145299;31.99145299145299;32.0;32.0;1;1
47.713;0.0;0.0;-2.5377568705125033;31.99145299145299;31.99145299145299;32.0;32.0;1;1
47.813;0.0;0.0;-2.042584798217381;31.99145299145299;31.99145299145299;32.0;32.0;1;1
47.925;0.0;0.0;-1.547412725922258;31.99145299145299;31.99145299145299;32.0;32.0;1;1
48.035;0.0;0.0;-0.8046546174795742;31.99145299145299;31.99145299145299;32.0;32.0;1;1
48.143;0.0;0.0;-0.5570685813320129;31.99145299145299;31.99145299145299;32.0;32.0;1;1
48.257;0.0;0.0;0.0;31.99145299145299;31.99145299145299;32.0;32.0;1;1
48.364;0.0;0.0;0.0;31.99145299145299;31.99145299145299;32.0;32.0;1;1
48.465;0.0;0.0;0.0;31.99145299145299;31.99145299145299;32.0;32.0;1;1
48.566;0.0;0.0;0.0;31.94017094017094;31.99145299145299;32.0;32.0;1;1
48.667;0.0;0.0;0.0;31.94017094017094;31.99145299145299;32.0;32.0;1;1
48.774;0.0;0.0;0.0;31.94017094017094;31.99145299145299;32.0;32.0;1;1
48.874;0.0;0.0;0.0;31.94017094017094;31.99145299145299;32.0;32.0;1;1
48.993;0.0;0.0;0.0;31.94017094017094;31.99145299145299;32.0;32.0;1;1
49.093;0.0;0.0;0.0;31.94017094017094;31.99145299145299;32.0;32.0;1;1
49.196;0.0;0.0;0.0;31.94017094017094;31.99145299145299;32.0;32.0;1;1
49.309;0.0;0.0;0.0;31.94017094017094;31.99145299145299;32.0;32.0;1;1
49.418;0.0;0.0;0.0;31.94017094017094;31.99145299145299;32.0;32.0;1;1
49.518;0.0;0.0;0.0;31.99145299145299;31.99145299145299;32.0;32.0;1;1
49.621;0.0;0.0;0.0;31.99145299145299;31.99145299145299;32.0;32.0;1;1
49.726;0.0;0.0;0.0;31.99145299145299;31.99145299145299;32.0;32.0;1;1
49.844;0.0;0.0;0.0;31.99145299145299;31.99145299145299;32.0;32.0;1;1
49.947;0.0;0.0;0.0;31.99145299145299;31.99145299145299;32.0;32.0;1;1
50.047;0.0;0.0;0.0;31.99145299145299;31.99145299145299;32.0;32.0;1;1
50.158;0.0;0.0;0.0;31.99145299145299;31.99145299145299;32.0;32.0;1;1
50.284;0.0;0.0;0.0;31.99145299145299;31.99145299145299;32.0;32.0;1;1
50.387;0.0;0.0;0.0;31.99145299145299;31.99145299145299;32.0;32.0;1;1
50.503;0.0;0.0;0.0;31.99145299145299;31.99145299145299;32.0;32.0;1;1
50.608;0.0;0.0;0.0;31.99145299145299;31.99145299145299;32.0;32.0;1;1
50.723;0.0;0.0;0.0;31.99145299145299;31.99145299145299;32.0;32.0;1;1
50.825;0.0;0.0;0.0;31.99145299145299;31.99145299145299;32.0;32.0;1;1
50.926;0.0;0.0;0.0;31.99145299145299;31.99145299145299;32.0;32.0;1;1
51.052;0.0;0.0;0.0;31.99145299145299;31.99145299145299;32.0;32.0;1;1
51.164;0.0;0.0;0.0;31.99145299145299;31.99145299145299;32.0;32.0;1;1
51.268;0.0;0.0;0.0;31.99145299145299;31.99145299145299;32.0;32.0;1;1
51.385;0.0;0.0;0.0;31.99145299145299;31.99145299145299;32.0;32.0;1;1
51.491;0.0;0.0;0.0;31.99145299145299;31.99145299145299;32.0;32.0;1;1
51.603;0.0;0.0;0.0;31.99145299145299;31.99145299145299;32.0;32.0;1;1
51.71;0.0;0.0;0.0;31.99145299145299;31.99145299145299;32.0;32.0;1;1
51.824;0.0;0.0;0.0;31.99145299145299;31.99145299145299;32.0;32.0;1;1
51.933;0.0;0.0;0.0;31.99145299145299;31.99145299145299;32.0;32.0;1;1
52.045;0.0;0.0;0.0;31.99145299145299;31.99145299145299;32.0;32.0;1;1
52.146;0.0;0.0;0.0;31.99145299145299;31.99145299145299;32.0;32.0;1;1
52.246;0.0;0.0;0.0;31.99145299145299;31.99145299145299;32.0;32.0;1;1
52.355;0.0;0.0;0.0;31.99145299145299;31.99145299145299;32.0;32.0;1;1
52.458;0.0;0.0;0.0;31.99145299145299;31.99145299145299;32.0;32.0;1;1
52.563;0.0;0.0;0.0;31.99145299145299;31.99145299145299;32.0;32.0;1;1
52.673;0.0;0.0;0.2475860361475613;31.99145299145299;31.99145299145299;32.0;32.0;1;1
52.779;0.0;0.0;0.7427581084426839;31.99145299145299;31.99145299145299;32.0;32.0;1;1
52.88;0.0;0.0;1.2379301807378065;31.99145299145299;31.99145299145299;32.0;32.0;1;1
52.988;0.0;0.0;1.733102253032929;31.99145299145299;31.99145299145299;32.0;32.0;1;1
53.1;0.0;0.0;2.475860361475613;31.99145299145299;31.99145299145299;32.0;32.0;1;1
53.219;0.0;0.0;2.7234463976231744;31.99145299145299;31.99145299145299;32.0;32.0;1;1
53.32;0.0;0.0;3.466204506065858;31.99145299145299;31.99145299145299;32.0;32.0;1;1
53.426;0.0;0.0;3.961376578360981;31.99145299145299;31.99145299145299;32.0;32.0;1;1
53.536;0.0;0.0;4.456548650656103;31.99145299145299;31.99145299145299;32.0;32.0;1;1
53.648;0.0;0.0;4.889824213914336;31.99145299145299;31.99145299145299;32.0;32.0;1;1
53.749;0.0;0.0;4.951720722951226;31.99145299145299;31.99145299145299;32.0;32.0;1;1
53.85;0.0;0.0;4.951720722951226;31.99145299145299;31.99145299145299;32.0;32.0;1;1
53.954;0.0;0.0;4.951720722951226;31.99145299145299;31.99145299145299;32.0;32.0;1;1
54.055;0.0;0.0;4.951720722951226;31.99145299145299;31.99145299145299;32.0;32.0;1;1
54.166;0.0;0.0;4.951720722951226;31.99145299145299;31.99145299145299;32.0;32.0;1;1
54.268;0.0;0.0;4.951720722951226;31.99145299145299;31.99145299145299;32.0;32.0;1;1
54.384;0.0;0.0;4.951720722951226;31.99145299145299;31.99145299145299;32.0;32.0;1;1
54.484;0.0;0.0;4.951720722951226;31.99145299145299;31.99145299145299;32.0;32.0;1;1
54.585;0.0;0.0;4.951720722951226;31.99145299145299;31.99145299145299;32.0;32.0;1;1
54.702;0.0;0.0;4.951720722951226;31.99145299145299;31.99145299145299;32.0;32.0;1;1
54.807;0.0;0.0;4.951720722951226;31.99145299145299;31.99145299145299;32.0;32.0;1;1
54.912;0.0;0.0;4.951720722951226;31.99145299145299;31.99145299145299;32.0;32.0;1;1
55.018;0.0;0.0;4.951720722951226;31.99145299145299;31.99145299145299;32.0;32.0;1;1
55.134;0.0;0.0;4.951720722951226;31.99145299145299;31.99145299145299;32.0;32.0;1;1
55.24;0.0;0.0;4.951720722951226;31.99145299145299;31.99145299145299;32.0;32.0;1;1
55.352;0.0;0.0;4.951720722951226;31.99145299145299;31.99145299145299;32.0;32.0;1;1
55.463;0.0;0.0;4.951720722951226;31.99145299145299;31.99145299145299;32.0;32.0;1;1
55.577;0.0;0.0;4.951720722951226;31.94017094017094;31.99145299145299;32.0;32.0;1;1
55.685;0.0;0.0;4.951720722951226;31.94017094017094;31.99145299145299;32.0;32.0;1;1
55.805;0.0;0.0;4.951720722951226;31.94017094017094;31.99145299145299;32.0;32.0;1;1
55.914;0.0;0.0;4.827927704877445;31.94017094017094;31.99145299145299;32.0;32.0;1;1
56.021;0.0;0.0;4.332755632582323;31.94017094017094;31.99145299145299;32.0;32.0;1;1
56.137;0.0;0.0;3.8375835602872;31.94017094017094;31.99145299145299;32.0;32.0;1;1
56.243;0.0;0.0;3.3424114879920777;31.94017094017094;31.99145299145299;32.0;32.0;1;1
56.356;0.0;0.0;2.5996533795493937;31.94017094017094;31.99145299145299;32.0;32.0;1;1
56.468;0.0;0.0;2.104481307254271;31.94017094017094;31.99145299145299;32.0;32.0;1;1
56.578;0.0;0.0;1.6093092349591485;31.99145299145299;31.99145299145299;32.0;32.0;1;1
56.685;0.0;0.0;1.1141371626640257;31.99145299145299;31.99145299145299;32.0;32.0;1;1
56.799;0.0;0.0;0.37137905422134193;31.99145299145299;31.99145299145299;32.0;32.0;1;1
56.916;0.0;0.0;-0.12379301807378065;31.99145299145299;31.99145299145299;32.0;32.0;1;1
57.022;0.0;0.0;-0.6189650903689032;31.99145299145299;31.99145299145299;32.0;32.0;1;1
57.132;0.0;0.0;-1.1141371626640257;31.99145299145299;31.99145299145299;32.0;32.0;1;1
57.246;0.0;0.0;-1.6093092349591485;31.99145299145299;31.99145299145299;32.0;32.0;1;1
57.353;0.0;0.0;-2.352067343401832;31.99145299145299;31.99145299145299;32.0;32.0;1;1
57.462;0.0;0.0;-2.8472394156969547;31.99145299145299;31.99145299145299;32.0;32.0;1;1
57.576;0.0;0.0;-3.3424114879920777;31.99145299145299;31.99145299145299;32.0;32.0;1;1
57.684;0.0;0.0;-3.8375835602872;31.99145299145299;31.99145299145299;32.0;32.0;1;1
57.805;0.0;0.0;-4.580341668729884;31.99145299145299;31.99145299145299;32.0;32.0;1;1
57.923;0.0;0.0;-4.889824213914336;31.99145299145299;31.99145299145299;32.0;32.0;1;1
58.035;0.0;0.0;-4.951720722951226;31.99145299145299;31.99145299145299;32.0;32.0;1;1
58.147;0.0;0.0;-4.951720722951226;31.99145299145299;31.99145299145299;32.0;32.0;1;1
58.259;0.0;0.0;-4.951720722951226;31.99145299145299;31.99145299145299;32.0;32.0;1;1
58.366;0.0;0.0;-4.951720722951226;31.99145299145299;31.99145299145299;32.0;32.0;1;1
58.482;0.0;0.0;-4.951720722951226;31.99145299145299;31.99145299145299;32.0;32.0;1;1
58.588;0.0;0.0;-4.951720722951226;31.99145299145299;31.99145299145299;32.0;32.0;1;1
58.689;0.0;0.0;-4.951720722951226;31.99145299145299;31.99145299145299;32.0;32.0;1;1
58.797;0.0;0.0;-4.951720722951226;31.99145299145299;31.99145299145299;32.0;32.0;1;1
58.908;0.0;0.0;-4.951720722951226;31.99145299145299;31.99145299145299;32.0;32.0;1;1
59.022;0.0;0.0;-4.951720722951226;31.99145299145299;31.99145299145299;32.0;32.0;1;1
59.133;0.0;0.0;-4.951720722951226;31.99145299145299;31.99145299145299;32.0;32.0;1;1
59.242;0.0;0.0;-4.951720722951226;31.99145299145299;31.99145299145299;32.0;32.0;1;1
59.357;0.0;0.0;-4.951720722951226;31.99145299145299;31.99145299145299;32.0;32.0;1;1
59.467;0.0;0.0;-4.951720722951226;31.99145299145299;31.99145299145299;32.0;32.0;1;1
59.578;0.0;0.0;-4.951720722951226;31.99145299145299;31.99145299145299;32.0;32.0;1;1
59.686;0.0;0.0;-4.951720722951226;31.99145299145299;31.99145299145299;32.0;32.0;1;1
59.796;0.0;0.0;-4.951720722951226;31.99145299145299;31.99145299145299;32.0;32.0;1;1
59.906;0.0;0.0;-4.951720722951226;31.99145299145299;31.99145299145299;32.0;32.0;1;1
60.017;0.0;0.0;-4.951720722951226;31.99145299145299;31.99145299145299;32.0;32.0;1;1
60.128;0.0;0.0;-4.951720722951226;31.99145299145299;31.99145299145299;32.0;32.0;1;1
60.244;0.0;0.0;-4.827927704877445;31.99145299145299;31.99145299145299;32.0;32.0;1;1
60.355;0.0;0.0;-4.332755632582323;31.99145299145299;31.99145299145299;32.0;32.0;1;1
60.463;0.0;0.0;-3.651894033176529;31.99145299145299;31.99145299145299;32.0;32.0;1;1
60.575;0.0;0.0;-3.094825451844516;31.99145299145299;31.99145299145299;32.0;32.0;1;1
60.685;0.0;0.0;-2.661549888586284;31.99145299145299;31.99145299145299;32.0;32.0;1;1
60.797;0.0;0.0;-2.1663778162911616;31.99145299145299;31.99145299145299;32.0;32.0;1;1
60.898;0.0;0.0;-1.3617231988115872;31.99145299145299;31.99145299145299;32.0;32.0;1;1
60.999;0.0;0.0;-0.9284476355533549;31.99145299145299;31.99145299145299;32.0;32.0;1;1
61.117;0.0;0.0;-0.43327556325823224;31.99145299145299;31.99145299145299;32.0;32.0;1;1
61.227;0.0;0.0;-0.061896509036890326;31.99145299145299;31.99145299145299;32.0;32.0;1;1
61.338;0.0;0.0;0.0;31.99145299145299;31.99145299145299;32.0;32.0;1;1
61.44;0.0;0.0;0.0;31.99145299145299;31.99145299145299;32.0;32.0;1;1
61.545;0.0;0.0;0.0;31.99145299145299;31.99145299145299;32.0;32.0;1;1
61.649;0.0;0.0;0.0;31.99145299145299;31.99145299145299;32.0;32.0;1;1
61.751;0.0;0.0;0.0;31.99145299145299;31.99145299145299;32.0;32.0;1;1
61.87;0.0;0.0;0.0;31.99145299145299;31.99145299145299;32.0;32.0;1;1
61.98;0.0;0.0;0.0;31.99145299145299;31.99145299145299;32.0;32.0;1;1
62.081;0.0;0.0;0.0;31.99145299145299;31.99145299145299;32.0;32.0;1;1
62.182;0.0;0.0;0.0;31.99145299145299;31.99145299145299;32.0;32.0;1;1
62.283;0.0;0.0;0.0;31.99145299145299;31.99145299145299;32.0;32.0;1;1
62.384;0.0;0.0;0.0;31.99145299145299;31.99145299145299;32.0;32.0;1;1
62.488;0.0;0.0;0.0;31.99145299145299;31.99145299145299;32.0;32.0;1;1
62.596;0.0;0.0;0.0;31.99145299145299;31.99145299145299;32.0;32.0;1;1
62.696;0.0;0.0;0.0;31.99145299145299;31.99145299145299;32.0;32.0;1;1
62.799;0.0;0.0;0.0;31.99145299145299;31.99145299145299;32.0;32.0;1;1
62.901;0.0;0.0;0.0;31.99145299145299;31.99145299145299;32.0;32.0;1;1
63.004;0.0;0.0;0.0;31.99145299145299;31.99145299145299;32.0;32.0;1;1
63.118;0.0;0.0;0.0;31.99145299145299;31.99145299145299;32.0;32.0;1;1
63.219;0.0;0.0;0.0;31.99145299145299;31.99145299145299;32.0;32.0;1;1
63.324;0.0;0.0;0.0;31.99145299145299;31.99145299145299;32.0;32.0;1;1
63.425;0.0;0.0;0.0;31.99145299145299;31.99145299145299;32.0;32.0;1;1
63.527;0.0;0.0;0.0;31.99145299145299;31.99145299145299;32.0;32.0;1;1
63.629;0.0;0.0;0.0;31.99145299145299;31.99145299145299;32.0;32.0;1;1
63.73;0.0;0.0;0.0;31.99145299145299;31.99145299145299;32.0;32.0;1;1
63.832;0.0;0.0;0.0;31.99145299145299;31.99145299145299;32.0;32.0;1;1
63.934;0.0;0.0;0.0;31.99145299145299;31.99145299145299;32.0;32.0;1;1
64.043;0.0;0.0;0.0;31.99145299145299;31.99145299145299;32.0;32.0;1;1
64.143;0.0;0.0;0.0;31.99145299145299;31.99145299145299;32.0;32.0;1;1
64.252;0.0;0.0;0.0;31.99145299145299;31.99145299145299;32.0;32.0;1;1
64.353;0.0;0.0;0.0;31.99145299145299;31.99145299145299;32.0;32.0;1;1
64.454;0.0;0.0;0.0;31.99145299145299;31.99145299145299;32.0;32.0;1;1
64.555;0.0;0.0;0.0;31.99145299145299;31.99145299145299;32.0;32.0;1;1
64.661;0.0;0.0;0.0;31.99145299145299;31.99145299145299;32.0;32.0;1;1
64.774;0.0;0.0;0.0;31.99145299145299;31.99145299145299;32.0;32.0;1;1
64.879;0.0;0.0;0.0;31.99145299145299;31.99145299145299;32.0;32.0;1;1
64.992;0.0;0.0;0.0;31.99145299145299;31.99145299145299;32.0;32.0;1;1
65.098;0.0;0.0;0.0;31.99145299145299;31.99145299145299;32.0;32.0;1;1
65.215;0.0;0.0;0.0;31.99145299145299;31.99145299145299;32.0;32.0;1;1
65.32;0.0;0.0;0.0;31.99145299145299;31.99145299145299;32.0;32.0;1;1
65.426;0.0;0.0;0.0;31.99145299145299;31.99145299145299;32.0;32.0;1;1
65.539;0.0;0.0;0.061896509036890326;31.99145299145299;31.99145299145299;32.0;32.0;1;1
65.653;0.0;0.0;0.7427581084426839;31.99145299145299;31.99145299145299;32.0;32.0;1;1
65.778;0.0;0.0;0.9903441445902452;31.99145299145299;31.99145299145299;32.0;32.0;1;1
65.88;0.0;0.0;1.733102253032929;31.99145299145299;31.99145299145299;32.0;32.0;1;1
65.999;0.0;0.0;2.2282743253280515;31.99145299145299;31.99145299145299;32.0;32.0;1;1
66.101;0.0;0.0;2.9710324337707354;31.99145299145299;31.99145299145299;32.0;32.0;1;1
66.22;0.0;0.0;3.218618469918297;31.99145299145299;31.99145299145299;32.0;32.0;1;1
66.323;0.0;0.0;3.961376578360981;31.99145299145299;31.99145299145299;32.0;32.0;1;1
66.441;0.0;0.0;4.456548650656103;31.99145299145299;31.99145299145299;32.0;32.0;1;1
66.542;0.0;0.0;4.951720722951226;31.94017094017094;31.99145299145299;32.0;32.0;1;1
66.659;0.0;0.0;4.951720722951226;31.94017094017094;31.99145299145299;32.0;32.0;1;1
66.761;0.0;0.0;4.951720722951226;31.94017094017094;31.99145299145299;32.0;32.0;1;1
66.861;0.0;0.0;4.951720722951226;31.94017094017094;31.99145299145299;32.0;32.0;1;1
66.975;0.0;0.0;4.951720722951226;31.94017094017094;31.99145299145299;32.0;32.0;1;1
67.078;0.0;0.0;4.951720722951226;31.94017094017094;31.99145299145299;32.0;32.0;1;1
67.212;0.0;0.0;4.951720722951226;31.94017094017094;31.99145299145299;32.0;32.0;1;1
67.313;0.0;0.0;4.951720722951226;31.94017094017094;31.99145299145299;32.0;32.0;1;1
67.418;0.0;0.0;4.951720722951226;31.94017094017094;31.99145299145299;32.0;32.0;1;1
67.52;0.0;0.0;4.951720722951226;31.94017094017094;31.99145299145299;32.0;32.0;1;1
67.621;0.0;0.0;4.951720722951226;31.99145299145299;31.99145299145299;32.0;32.0;1;1
67.722;0.0;0.0;4.951720722951226;31.99145299145299;31.99145299145299;32.0;32.0;1;1
67.832;0.0;0.0;4.951720722951226;31.99145299145299;31.99145299145299;32.0;32.0;1;1
67.942;0.0;0.0;4.951720722951226;31.99145299145299;31.99145299145299;32.0;32.0;1;1
68.044;0.0;0.0;4.951720722951226;31.99145299145299;31.99145299145299;32.0;32.0;1;1
68.149;0.0;0.0;4.951720722951226;31.99145299145299;31.99145299145299;32.0;32.0;1;1
68.254;0.0;0.0;4.951720722951226;31.99145299145299;31.99145299145299;32.0;32.0;1;1
68.357;0.0;0.0;4.951720722951226;31.99145299145299;31.99145299145299;32.0;32.0;1;1
68.46;0.0;0.0;4.951720722951226;31.99145299145299;31.99145299145299;32.0;32.0;1;1
68.561;0.0;0.0;4.951720722951226;31.99145299145299;31.99145299145299;32.0;32.0;1;1
68.665;0.0;0.0;4.951720722951226;31.99145299145299;31.99145299145299;32.0;32.0;1;1
68.773;0.0;0.0;4.766031195840555;31.99145299145299;31.99145299145299;32.0;32.0;1;1
68.884;0.0;0.0;4.270859123545432;31.99145299145299;31.99145299145299;32.0;32.0;1;1
68.996;0.0;0.0;3.77568705125031;31.99145299145299;31.99145299145299;32.0;32.0;1;1
69.105;0.0;0.0;3.2805149789551873;31.99145299145299;31.99145299145299;32.0;32.0;1;1
69.206;0.0;0.0;3.032928942807626;31.99145299145299;31.99145299145299;32.0;32.0;1;1
69.322;0.0;0.0;2.042584798217381;31.99145299145299;31.99145299145299;32.0;32.0;1;1
69.423;0.0;0.0;1.547412725922258;31.99145299145299;31.99145299145299;32.0;32.0;1;1
69.525;0.0;0.0;1.0522406536271356;31.99145299145299;31.99145299145299;32.0;32.0;1;1
69.633;0.0;0.0;0.5570685813320129;31.99145299145299;31.99145299145299;32.0;32.0;1;1
69.735;0.0;0.0;0.061896509036890326;31.99145299145299;31.99145299145299;32.0;32.0;1;1
69.841;0.0;0.0;-0.43327556325823224;31.99145299145299;31.99145299145299;32.0;32.0;1;1
69.961;0.0;0.0;-0.9284476355533549;31.99145299145299;31.99145299145299;32.0;32.0;1;1
70.062;0.0;0.0;-1.6712057439960388;31.99145299145299;31.99145299145299;32.0;32.0;1;1
70.163;0.0;0.0;-2.1663778162911616;31.99145299145299;31.99145299145299;32.0;32.0;1;1
70.269;0.0;0.0;-2.4139638524387226;31.99145299145299;31.99145299145299;32.0;32.0;1;1
70.38;0.0;0.0;-2.909135924733845;31.99145299145299;31.99145299145299;32.0;32.0;1;1
70.49;0.0;0.0;-3.651894033176529;31.99145299145299;31.99145299145299;32.0;32.0;1;1
70.611;0.0;0.0;-4.1470661054716516;31.99145299145299;31.99145299145299;32.0;32.0;1;1
70.712;0.0;0.0;-4.6422381777667745;31.99145299145299;31.99145299145299;32.0;32.0;1;1
70.823;0.0;0.0;-4.951720722951226;31.99145299145299;31.99145299145299;32.0;32.0;1;1
70.933;0.0;0.0;-4.951720722951226;31.99145299145299;31.99145299145299;32.0;32.0;1;1
71.046;0.0;0.0;-4.951720722951226;31.99145299145299;31.99145299145299;32.0;32.0;1;1
71.148;0.0;0.0;-4.951720722951226;31.99145299145299;31.99145299145299;32.0;32.0;1;1
71.249;0.0;0.0;-4.951720722951226;31.99145299145299;31.99145299145299;32.0;32.0;1;1
71.363;0.0;0.0;-4.951720722951226;31.99145299145299;31.99145299145299;32.0;32.0;1;1
71.471;0.0;0.0;-4.951720722951226;31.99145299145299;31.99145299145299;32.0;32.0;1;1
71.586;0.0;0.0;-4.951720722951226;31.99145299145299;31.99145299145299;32.0;32.0;1;1
71.699;0.0;0.0;-4.951720722951226;31.99145299145299;31.99145299145299;32.0;32.0;1;1
71.805;0.0;0.0;-4.951720722951226;31.99145299145299;31.99145299145299;32.0;32.0;1;1
71.906;0.0;0.0;-4.951720722951226;31.99145299145299;31.99145299145299;32.0;32.0;1;1
72.008;0.0;0.0;-4.951720722951226;31.99145299145299;31.99145299145299;32.0;32.0;1;1
72.109;0.0;0.0;-4.951720722951226;31.99145299145299;31.99145299145299;32.0;32.0;1;1
72.214;0.0;0.0;-4.951720722951226;31.99145299145299;31.99145299145299;32.0;32.0;1;1
72.315;0.0;0.0;-4.951720722951226;31.99145299145299;31.99145299145299;32.0;32.0;1;1
72.415;0.0;0.0;-4.951720722951226;31.99145299145299;31.99145299145299;32.0;32.0;1;1
72.516;0.0;0.0;-4.951720722951226;31.94017094017094;31.99145299145299;32.0;32.0;1;1
72.616;0.0;0.0;-4.951720722951226;31.94017094017094;31.99145299145299;32.0;32.0;1;1
72.719;0.0;0.0;-4.951720722951226;31.94017094017094;31.99145299145299;32.0;32.0;1;1
72.819;0.0;0.0;-4.951720722951226;31.94017094017094;31.99145299145299;32.0;32.0;1;1
72.928;0.0;0.0;-4.704134686803664;31.94017094017094;31.99145299145299;32.0;32.0;1;1
73.029;0.0;0.0;-4.208962614508542;31.94017094017094;31.99145299145299;32.0;32.0;1;1
73.137;0.0;0.0;-3.7137905422134194;31.94017094017094;31.99145299145299;32.0;32.0;1;1
73.238;0.0;0.0;-3.218618469918297;31.94017094017094;31.99145299145299;32.0;32.0;1;1
73.339;0.0;0.0;-2.7234463976231744;31.94017094017094;31.99145299145299;32.0;32.0;1;1
73.447;0.0;0.0;-2.2282743253280515;31.94017094017094;31.99145299145299;32.0;32.0;1;1
73.558;0.0;0.0;-1.733102253032929;31.99145299145299;31.99145299145299;32.0;32.0;1;1
73.67;0.0;0.0;-1.2379301807378065;31.99145299145299;31.99145299145299;32.0;32.0;1;1
73.779;0.0;0.0;-0.7427581084426839;31.99145299145299;31.99145299145299;32.0;32.0;1;1
73.88;0.0;0.0;-0.2475860361475613;31.99145299145299;31.99145299145299;32.0;32.0;1;1
73.985;0.0;0.0;0.0;31.99145299145299;31.99145299145299;32.0;32.0;1;1
74.094;0.0;0.0;0.0;31.99145299145299;31.99145299145299;32.0;32.0;1;1
74.209;0.0;0.0;0.0;31.99145299145299;31.99145299145299;32.0;32.0;1;1
74.317;0.0;0.0;0.0;31.99145299145299;31.99145299145299;32.0;32.0;1;1
74.43;0.0;0.0;0.0;31.99145299145299;31.99145299145299;32.0;32.0;1;1
74.543;0.0;0.0;0.0;31.99145299145299;31.99145299145299;32.0;32.0;1;1
74.65;0.0;0.0;0.0;31.99145299145299;31.99145299145299;32.0;32.0;1;1
74.766;0.0;0.0;0.0;31.99145299145299;31.99145299145299;32.0;32.0;1;1
74.875;0.0;0.0;0.0;31.99145299145299;31.99145299145299;32.0;32.0;1;1
74.985;0.0;0.0;0.0;31.99145299145299;31.99145299145299;32.0;32.0;1;1
75.097;0.0;0.0;0.0;31.99145299145299;31.99145299145299;32.0;32.0;1;1
75.209;0.0;0.0;0.0;31.99145299145299;31.99145299145299;32.0;32.0;1;1
75.321;0.0;0.0;0.0;31.99145299145299;31.99145299145299;32.0;32.0;1;1
75.432;0.0;0.0;0.0;31.99145299145299;31.99145299145299;32.0;32.0;1;1
75.547;0.0;0.0;0.0;31.99145299145299;31.99145299145299;32.0;32.0;1;1
75.647;0.0;0.0;0.0;31.99145299145299;31.99145299145299;32.0;32.0;1;1
75.749;0.0;0.0;0.0;31.99145299145299;31.99145299145299;32.0;32.0;1;1
75.865;0.0;0.0;0.0;31.99145299145299;31.99145299145299;32.0;32.0;1;1
75.969;0.0;0.0;0.0;31.99145299145299;31.99145299145299;32.0;32.0;1;1
76.086;0.0;0.0;0.0;31.99145299145299;31.99145299145299;32.0;32.0;1;1
76.203;0.0;0.0;0.0;31.99145299145299;31.99145299145299;32.0;32.0;1;1
76.308;0.0;0.0;0.0;31.99145299145299;31.99145299145299;32.0;32.0;1;1
76.423;0.0;0.0;0.0;31.99145299145299;31.99145299145299;32.0;32.0;1;1
76.524;0.0;0.0;0.0;31.99145299145299;31.99145299145299;32.0;32.0;1;1
76.629;0.0;0.0;0.0;31.99145299145299;31.99145299145299;32.0;32.0;1;1
76.73;0.0;0.0;0.0;31.99145299145299;31.99145299145299;32.0;32.0;1;1
76.848;0.0;0.0;0.0;31.99145299145299;31.99145299145299;32.0;32.0;1;1
76.966;0.0;0.0;0.0;31.99145299145299;31.99145299145299;32.0;32.0;1;1
77.069;0.0;0.0;0.0;31.99145299145299;31.99145299145299;32.0;32.0;1;1
77.187;0.0;0.0;0.0;31.99145299145299;31.99145299145299;32.0;32.0;1;1
77.307;0.0;0.0;0.0;31.99145299145299;31.99145299145299;32.0;32.0;1;1
77.407;0.0;0.0;0.0;31.99145299145299;31.99145299145299;32.0;32.0;1;1
77.525;0.0;0.0;0.0;31.99145299145299;31.99145299145299;32.0;32.0;1;1
77.629;0.0;0.0;0.0;31.99145299145299;31.99145299145299;32.0;32.0;1;1
77.744;0.0;0.0;0.0;31.99145299145299;31.99145299145299;32.0;32.0;1;1
77.845;0.0;0.0;0.0;31.99145299145299;31.99145299145299;32.0;32.0;1;1
77.948;0.0;0.0;0.0;31.99145299145299;31.99145299145299;32.0;32.0;1;1
78.068;0.0;0.0;0.0;31.99145299145299;31.99145299145299;32.0;32.0;1;1
78.169;0.0;0.0;0.0;31.99145299145299;31.99145299145299;32.0;32.0;1;1
78.285;0.0;0.0;0.0;31.99145299145299;31.99145299145299;32.0;32.0;1;1
78.39;0.0;0.0;0.12379301807378065;31.99145299145299;31.99145299145299;32.0;32.0;1;1
78.508;0.0;0.0;0.8046546174795742;31.99145299145299;31.99145299145299;32.0;32.0;1;1
78.628;0.0;0.0;1.0522406536271356;31.99145299145299;31.99145299145299;32.0;32.0;1;1
78.729;0.0;0.0;1.7949987620698193;31.99145299145299;31.99145299145299;32.0;32.0;1;1
78.849;0.0;0.0;2.290170834364942;31.99145299145299;31.99145299145299;32.0;32.0;1;1
78.95;0.0;0.0;3.032928942807626;31.99145299145299;31.99145299145299;32.0;32.0;1;1
79.066;0.0;0.0;3.2805149789551873;31.99145299145299;31.99145299145299;32.0;32.0;1;1
79.166;0.0;0.0;4.023273087397871;31.99145299145299;31.99145299145299;32.0;32.0;1;1
79.268;0.0;0.0;4.518445159692994;31.99145299145299;31.99145299145299;32.0;32.0;1;1
79.37;0.0;0.0;4.889824213914336;31.99145299145299;31.99145299145299;32.0;32.0;1;1
79.472;0.0;0.0;4.951720722951226;31.99145299145299;31.99145299145299;32.0;32.0;1;1
79.577;0.0;0.0;4.951720722951226;31.99145299145299;31.99145299145299;32.0;32.0;1;1
79.691;0.0;0.0;4.951720722951226;31.99145299145299;31.99145299145299;32.0;32.0;1;1
79.798;0.0;0.0;4.951720722951226;31.99145299145299;31.99145299145299;32.0;32.0;1;1
79.911;0.0;0.0;4.951720722951226;31.99145299145299;31.99145299145299;32.0;32.0;1;1
80.017;0.0;0.0;4.951720722951226;31.99145299145299;31.99145299145299;32.0;32.0;1;1
80.129;0.0;0.0;4.951720722951226;31.99145299145299;31.99145299145299;32.0;32.0;1;1
80.238;0.0;0.0;4.951720722951226;31.99145299145299;31.99145299145299;32.0;32.0;1;1
80.353;0.0;0.0;4.951720722951226;31.99145299145299;31.99145299145299;32.0;32.0;1;1
80.455;0.0;0.0;4.951720722951226;31.99145299145299;31.99145299145299;32.0;32.0;1;1
80.571;0.0;0.0;4.951720722951226;31.99145299145299;31.99145299145299;32.0;32.0;1;1
80.676;0.0;0.0;4.951720722951226;31.99145299145299;31.99145299145299;32.0;32.0;1;1
80.791;0.0;0.0;4.951720722951226;31.99145299145299;31.99145299145299;32.0;32.0;1;1
80.905;0.0;0.0;4.951720722951226;31.99145299145299;31.99145299145299;32.0;32.0;1;1
81.014;0.0;0.0;4.951720722951226;31.99145299145299;31.99145299145299;32.0;32.0;1;1
81.126;0.0;0.0;4.951720722951226;31.99145299145299;31.99145299145299;32.0;32.0;1;1
81.237;0.0;0.0;4.951720722951226;31.99145299145299;31.99145299145299;32.0;32.0;1;1
81.337;0.0;0.0;4.951720722951226;31.99145299145299;31.99145299145299;32.0;32.0;1;1
81.452;0.0;0.0;4.951720722951226;31.99145299145299;31.99145299145299;32.0;32.0;1;1
81.556;0.0;0.0;4.951720722951226;31.99145299145299;31.99145299145299;32.0;32.0;1;1
81.671;0.0;0.0;4.6422381777667745;31.99145299145299;31.99145299145299;32.0;32.0;1;1
81.783;0.0;0.0;4.1470661054716516;31.99145299145299;31.99145299145299;32.0;32.0;1;1
81.895;0.0;0.0;3.651894033176529;31.99145299145299;31.99145299145299;32.0;32.0;1;1
81.998;0.0;0.0;3.1567219608814066;31.99145299145299;31.99145299145299;32.0;32.0;1;1
82.112;0.0;0.0;2.4139638524387226;31.99145299145299;31.99145299145299;32.0;32.0;1;1
82.223;0.0;0.0;1.9187917801436;31.99145299145299;31.99145299145299;32.0;32.0;1;1
82.328;0.0;0.0;1.4236197078484774;31.99145299145299;31.99145299145299;32.0;32.0;1;1
82.431;0.0;0.0;0.9284476355533549;31.99145299145299;31.99145299145299;32.0;32.0;1;1
82.531;0.0;0.0;0.43327556325823224;31.99145299145299;31.99145299145299;32.0;32.0;1;1
82.634;0.0;0.0;-0.061896509036890326;31.99145299145299;31.99145299145299;32.0;32.0;1;1
82.745;0.0;0.0;-0.5570685813320129;31.99145299145299;31.99145299145299;32.0;32.0;1;1
82.846;0.0;0.0;-0.9903441445902452;31.99145299145299;31.99145299145299;32.0;32.0;1;1
82.946;0.0;0.0;-1.7949987620698193;31.99145299145299;31.99145299145299;32.0;32.0;1;1
83.048;0.0;0.0;-2.2282743253280515;31.99145299145299;31.99145299145299;32.0;32.0;1;1
83.15;0.0;0.0;-2.7234463976231744;31.99145299145299;31.99145299145299;32.0;32.0;1;1
83.251;0.0;0.0;-3.2805149789551873;31.99145299145299;31.99145299145299;32.0;32.0;1;1
83.352;0.0;0.0;-3.466204506065858;31.99145299145299;31.99145299145299;32.0;32.0;1;1
83.456;0.0;0.0;-3.961376578360981;31.99145299145299;31.99145299145299;32.0;32.0;1;1
83.561;0.0;0.0;-4.456548650656103;31.99145299145299;31.99145299145299;32.0;32.0;1;1
83.671;0.0;0.0;-4.889824213914336;31.99145299145299;31.99145299145299;32.0;32.0;1;1
83.788;0.0;0.0;-4.951720722951226;31.99145299145299;31.99145299145299;32.0;32.0;1;1
83.889;0.0;0.0;-4.951720722951226;31.99145299145299;31.99145299145299;32.0;32.0;1;1
83.997;0.0;0.0;-4.951720722951226;31.99145299145299;31.99145299145299;32.0;32.0;1;1
84.099;0.0;0.0;-4.951720722951226;31.99145299145299;31.99145299145299;32.0;32.0;1;1
84.227;0.0;0.0;-4.951720722951226;31.99145299145299;31.99145299145299;32.0;32.0;1;1
84.327;0.0;0.0;-4.951720722951226;31.99145299145299;31.99145299145299;32.0;32.0;1;1
84.433;0.0;0.0;-4.951720722951226;31.99145299145299;31.99145299145299;32.0;32.0;1;1
84.542;0.0;0.0;-4.951720722951226;31.99145299145299;31.99145299145299;32.0;32.0;1;1
84.647;0.0;0.0;-4.951720722951226;31.99145299145299;31.99145299145299;32.0;32.0;1;1
84.761;0.0;0.0;-4.951720722951226;31.99145299145299;31.99145299145299;32.0;32.0;1;1
84.869;0.0;0.0;-4.951720722951226;31.99145299145299;31.99145299145299;32.0;32.0;1;1
84.97;0.0;0.0;-4.951720722951226;31.99145299145299;31.99145299145299;32.0;32.0;1;1
85.079;0.0;0.0;-4.951720722951226;31.99145299145299;31.99145299145299;32.0;32.0;1;1
85.189;0.0;0.0;-4.951720722951226;31.99145299145299;31.99145299145299;32.0;32.0;1;1
85.302;0.0;0.0;-4.951720722951226;31.99145299145299;31.99145299145299;32.0;32.0;1;1
85.415;0.0;0.0;-4.951720722951226;31.99145299145299;31.99145299145299;32.0;32.0;1;1
85.522;0.0;0.0;-4.951720722951226;31.99145299145299;31.99145299145299;32.0;32.0;1;1
85.623;0.0;0.0;-4.951720722951226;31.99145299145299;31.99145299145299;32.0;32.0;1;1
85.727;0.0;0.0;-4.951720722951226;31.99145299145299;31.99145299145299;32.0;32.0;1;1
85.845;0.0;0.0;-4.951720722951226;31.99145299145299;31.99145299145299;32.0;32.0;1;1
85.956;0.0;0.0;-4.827927704877445;31.99145299145299;31.99145299145299;32.0;32.0;1;1
86.065;0.0;0.0;-4.332755632582323;31.99145299145299;31.99145299145299;32.0;32.0;1;1
86.176;0.0;0.0;-3.8375835602872;31.99145299145299;31.99145299145299;32.0;32.0;1;1
86.292;0.0;0.0;-3.404307997028968;31.99145299145299;31.99145299145299;32.0;32.0;1;1
86.395;0.0;0.0;-2.5996533795493937;31.99145299145299;31.99145299145299;32.0;32.0;1;1
86.512;0.0;0.0;-2.104481307254271;31.99145299145299;31.99145299145299;32.0;32.0;1;1
86.619;0.0;0.0;-1.4236197078484774;31.99145299145299;31.99145299145299;32.0;32.0;1;1
86.734;0.0;0.0;-1.176033671700916;31.99145299145299;31.99145299145299;32.0;32.0;1;1
86.836;0.0;0.0;-0.43327556325823224;31.99145299145299;31.99145299145299;32.0;32.0;1;1
86.94;0.0;0.0;-0.18568952711067097;31.99145299145299;31.99145299145299;32.0;32.0;1;1
87.041;0.0;0.0;0.0;31.99145299145299;31.99145299145299;32.0;32.0;1;1
87.142;0.0;0.0;0.0;31.99145299145299;31.99145299145299;32.0;32.0;1;1
87.25;0.0;0.0;0.0;31.99145299145299;31.99145299145299;32.0;32.0;1;1
87.351;0.0;0.0;0.0;31.99145299145299;31.99145299145299;32.0;32.0;1;1
87.451;0.0;0.0;0.0;31.99145299145299;31.99145299145299;32.0;32.0;1;1
87.552;0.0;0.0;0.0;31.99145299145299;31.99145299145299;32.0;32.0;1;1
87.652;0.0;0.0;0.0;31.99145299145299;31.99145299145299;32.0;32.0;1;1
87.753;0.0;0.0;0.0;31.99145299145299;31.99145299145299;32.0;32.0;1;1
87.853;0.0;0.0;0.0;31.99145299145299;31.99145299145299;32.0;32.0;1;1
87.962;0.0;0.0;0.0;31.99145299145299;31.99145299145299;32.0;32.0;1;1
88.066;0.0;0.0;0.0;31.99145299145299;31.99145299145299;32.0;32.0;1;1
88.17;0.0;0.0;0.0;31.99145299145299;31.99145299145299;32.0;32.0;1;1
88.271;0.0;0.0;0.0;31.99145299145299;31.99145299145299;32.0;32.0;1;1
88.372;0.0;0.0;0.0;31.99145299145299;31.99145299145299;32.0;32.0;1;1
88.477;0.0;0.0;0.0;31.99145299145299;31.99145299145299;32.0;32.0;1;1
88.585;0.0;0.0;0.0;31.99145299145299;31.99145299145299;32.0;32.0;1;1
88.694;0.0;0.0;0.0;31.99145299145299;31.99145299145299;32.0;32.0;1;1
88.806;0.0;0.0;0.0;31.99145299145299;31.99145299145299;32.0;32.0;1;1
88.907;0.0;0.0;0.0;31.99145299145299;31.99145299145299;32.0;32.0;1;1
89.018;0.0;0.0;0.0;31.99145299145299;31.99145299145299;32.0;32.0;1;1
89.129;0.0;0.0;0.0;31.99145299145299;31.99145299145299;32.0;32.0;1;1
89.237;0.0;0.0;0.0;31.99145299145299;31.99145299145299;32.0;32.0;1;1
89.346;0.0;0.0;0.0;31.99145299145299;31.99145299145299;32.0;32.0;1;1
89.454;0.0;0.0;0.0;31.99145299145299;31.99145299145299;32.0;32.0;1;1
89.568;0.0;0.0;0.0;31.99145299145299;31.99145299145299;32.0;32.0;1;1
89.674;0.0;0.0;0.0;31.99145299145299;31.99145299145299;32.0;32.0;1;1
89.786;0.0;0.0;0.0;31.99145299145299;31.99145299145299;32.0;32.0;1;1
89.898;0.0;0.0;0.0;31.99145299145299;31.99145299145299;32.0;32.0;1;1
90.014;0.0;0.0;0.0;31.99145299145299;31.99145299145299;32.0;32.0;1;1
90.119;0.0;0.0;0.0;31.99145299145299;31.99145299145299;32.0;32.0;1;1
90.221;0.0;0.0;0.0;31.99145299145299;31.99145299145299;32.0;32.0;1;1
90.327;0.0;0.0;0.0;31.99145299145299;31.99145299145299;32.0;32.0;1;1
90.438;0.0;0.0;0.0;31.99145299145299;31.99145299145299;32.0;32.0;1;1
90.548;0.0;0.0;0.0;31.99145299145299;31.99145299145299;32.0;32.0;1;1
90.66;0.0;0.0;0.0;31.99145299145299;31.99145299145299;32.0;32.0;1;1
90.773;0.0;0.0;0.0;31.99145299145299;31.99145299145299;32.0;32.0;1;1
90.884;0.0;0.0;0.0;31.99145299145299;31.99145299145299;32.0;32.0;1;1
90.991;0.0;0.0;0.0;31.99145299145299;31.99145299145299;32.0;32.0;1;1
91.093;0.0;0.0;0.0;31.99145299145299;31.99145299145299;32.0;32.0;1;1
91.198;0.0;0.0;0.0;31.99145299145299;31.99145299145299;32.0;32.0;1;1
91.324;0.0;0.0;0.0;31.99145299145299;31.99145299145299;32.0;32.0;1;1
91.444;0.0;0.0;0.12379301807378065;31.99145299145299;31.99145299145299;32.0;32.0;1;1
91.556;0.0;0.0;0.8665511265164645;31.99145299145299;31.99145299145299;32.0;32.0;1;1
91.657;0.0;0.0;1.3617231988115872;31.99145299145299;31.99145299145299;32.0;32.0;1;1
91.774;0.0;0.0;1.8568952711067097;31.99145299145299;31.99145299145299;32.0;32.0;1;1
91.876;0.0;0.0;2.352067343401832;31.99145299145299;31.99145299145299;32.0;32.0;1;1
91.995;0.0;0.0;3.094825451844516;31.99145299145299;31.99145299145299;32.0;32.0;1;1
92.114;0.0;0.0;3.3424114879920777;31.99145299145299;31.99145299145299;32.0;32.0;1;1
92.22;0.0;0.0;4.085169596434762;31.99145299145299;31.99145299145299;32.0;32.0;1;1
92.334;0.0;0.0;4.580341668729884;31.99145299145299;31.99145299145299;32.0;32.0;1;1
92.435;0.0;0.0;4.951720722951226;31.99145299145299;31.99145299145299;32.0;32.0;1;1
92.537;0.0;0.0;4.951720722951226;31.99145299145299;31.99145299145299;32.0;32.0;1;1
92.638;0.0;0.0;4.951720722951226;31.99145299145299;31.99145299145299;32.0;32.0;1;1
92.74;0.0;0.0;4.951720722951226;31.99145299145299;31.99145299145299;32.0;32.0;1;1
92.874;0.0;0.0;4.951720722951226;31.99145299145299;31.99145299145299;32.0;32.0;1;1
92.977;0.0;0.0;4.951720722951226;31.99145299145299;31.99145299145299;32.0;32.0;1;1
93.078;0.0;0.0;4.951720722951226;31.99145299145299;31.99145299145299;32.0;32.0;1;1
93.181;0.0;0.0;4.951720722951226;31.99145299145299;31.99145299145299;32.0;32.0;1;1
93.285;0.0;0.0;4.951720722951226;31.99145299145299;31.99145299145299;32.0;32.0;1;1
93.386;0.0;0.0;4.951720722951226;31.99145299145299;31.99145299145299;32.0;32.0;1;1
93.489;0.0;0.0;4.951720722951226;31.99145299145299;31.99145299145299;32.0;32.0;1;1
93.59;0.0;0.0;4.951720722951226;31.99145299145299;31.99145299145299;32.0;32.0;1;1
93.691;0.0;0.0;4.951720722951226;31.99145299145299;31.99145299145299;32.0;32.0;1;1
93.792;0.0;0.0;4.951720722951226;31.99145299145299;31.99145299145299;32.0;32.0;1;1
93.9;0.0;0.0;4.951720722951226;31.99145299145299;31.99145299145299;32.0;32.0;1;1
94.002;0.0;0.0;4.951720722951226;31.99145299145299;31.99145299145299;32.0;32.0;1;1
94.105;0.0;0.0;4.951720722951226;31.99145299145299;31.99145299145299;32.0;32.0;1;1
94.206;0.0;0.0;4.951720722951226;31.99145299145299;31.99145299145299;32.0;32.0;1;1
94.321;0.0;0.0;4.951720722951226;31.99145299145299;31.99145299145299;32.0;32.0;1;1
94.422;0.0;0.0;4.951720722951226;31.99145299145299;31.99145299145299;32.0;32.0;1;1
94.54;0.0;0.0;4.951720722951226;31.99145299145299;31.99145299145299;32.0;32.0;1;1
94.64;0.0;0.0;4.6422381777667745;31.99145299145299;31.99145299145299;32.0;32.0;1;1
94.743;0.0;0.0;4.394652141619213;31.99145299145299;31.99145299145299;32.0;32.0;1;1
94.863;0.0;0.0;3.651894033176529;31.99145299145299;31.99145299145299;32.0;32.0;1;1
94.981;0.0;0.0;3.404307997028968;31.99145299145299;31.99145299145299;32.0;32.0;1;1
95.082;0.0;0.0;2.661549888586284;31.99145299145299;31.99145299145299;32.0;32.0;1;1
95.198;0.0;0.0;2.1663778162911616;31.99145299145299;31.99145299145299;32.0;32.0;1;1
95.319;0.0;0.0;1.4236197078484774;31.99145299145299;31.99145299145299;32.0;32.0;1;1
95.432;0.0;0.0;1.176033671700916;31.99145299145299;31.99145299145299;32.0;32.0;1;1
95.543;0.0;0.0;0.43327556325823224;31.99145299145299;31.99145299145299;32.0;32.0;1;1
95.652;0.0;0.0;-0.061896509036890326;31.99145299145299;31.99145299145299;32.0;32.0;1;1
95.766;0.0;0.0;-0.8046546174795742;31.99145299145299;31.99145299145299;32.0;32.0;1;1
95.873;0.0;0.0;-1.0522406536271356;31.99145299145299;31.99145299145299;32.0;32.0;1;1
95.982;0.0;0.0;-1.7949987620698193;31.99145299145299;31.99145299145299;32.0;32.0;1;1
96.094;0.0;0.0;-2.042584798217381;31.99145299145299;31.99145299145299;32.0;32.0;1;1
96.203;0.0;0.0;-3.032928942807626;31.99145299145299;31.99145299145299;32.0;32.0;1;1
96.31;0.0;0.0;-3.2805149789551873;31.99145299145299;31.99145299145299;32.0;32.0;1;1
96.412;0.0;0.0;-4.023273087397871;31.99145299145299;31.99145299145299;32.0;32.0;1;1
96.517;0.0;0.0;-4.270859123545432;31.99145299145299;31.99145299145299;32.0;32.0;1;1
96.636;0.0;0.0;-4.889824213914336;31.99145299145299;31.99145299145299;32.0;32.0;1;1
96.753;0.0;0.0;-4.951720722951226;31.99145299145299;31.99145299145299;32.0;32.0;1;1
96.859;0.0;0.0;-4.951720722951226;31.99145299145299;31.99145299145299;32.0;32.0;1;1
96.96;0.0;0.0;-4.951720722951226;31.99145299145299;31.99145299145299;32.0;32.0;1;1
97.062;0.0;0.0;-4.951720722951226;31.99145299145299;31.99145299145299;32.0;32.0;1;1
97.169;0.0;0.0;-4.951720722951226;31.99145299145299;31.99145299145299;32.0;32.0;1;1
97.27;0.0;0.0;-4.951720722951226;31.99145299145299;31.99145299145299;32.0;32.0;1;1
97.377;0.0;0.0;-4.951720722951226;31.99145299145299;31.99145299145299;32.0;32.0;1;1
97.488;0.0;0.0;-4.951720722951226;31.99145299145299;31.99145299145299;32.0;32.0;1;1
97.598;0.0;0.0;-4.951720722951226;31.99145299145299;31.99145299145299;32.0;32.0;1;1
97.715;0.0;0.0;-4.951720722951226;31.99145299145299;31.99145299145299;32.0;32.0;1;1
97.817;0.0;0.0;-4.951720722951226;31.99145299145299;31.99145299145299;32.0;32.0;1;1
97.937;0.0;0.0;-4.951720722951226;31.99145299145299;31.99145299145299;32.0;32.0;1;1
98.038;0.0;0.0;-4.951720722951226;31.99145299145299;31.99145299145299;32.0;32.0;1;1
98.143;0.0;0.0;-4.951720722951226;31.99145299145299;31.99145299145299;32.0;32.0;1;1
98.254;0.0;0.0;-4.951720722951226;31.99145299145299;31.99145299145299;32.0;32.0;1;1
98.368;0.0;0.0;-4.951720722951226;31.99145299145299;31.99145299145299;32.0;32.0;1;1
98.468;0.0;0.0;-4.951720722951226;31.99145299145299;31.99145299145299;32.0;32.0;1;1
98.589;0.0;0.0;-4.951720722951226;31.99145299145299;31.99145299145299;32.0;32.0;1;1
98.699;0.0;0.0;-4.951720722951226;31.99145299145299;31.99145299145299;32.0;32.0;1;1
98.807;0.0;0.0;-4.827927704877445;31.99145299145299;31.99145299145299;32.0;32.0;1;1
98.91;0.0;0.0;-4.6422381777667745;31.99145299145299;31.99145299145299;32.0;32.0;1;1
99.015;0.0;0.0;-4.1470661054716516;31.99145299145299;31.99145299145299;32.0;32.0;1;1
99.124;0.0;0.0;-3.651894033176529;31.99145299145299;31.99145299145299;32.0;32.0;1;1
99.25;0.0;0.0;-2.909135924733845;31.99145299145299;31.99145299145299;32.0;32.0;1;1
99.354;0.0;0.0;-2.4139638524387226;31.99145299145299;31.99145299145299;32.0;32.0;1;1
99.455;0.0;0.0;-1.9187917801436;31.99145299145299;31.99145299145299;32.0;32.0;1;1
99.567;0.0;0.0;-1.4236197078484774;31.99145299145299;31.99145299145299;32.0;32.0;1;1
99.678;0.0;0.0;-0.9284476355533549;31.99145299145299;31.99145299145299;32.0;32.0;1;1
99.788;0.0;0.0;-0.18568952711067097;31.99145299145299;31.99145299145299;32.0;32.0;1;1
99.904;0.0;0.0;0.0;31.99145299145299;31.99145299145299;32.0;32.0;1;1
100.008;0.0;0.0;0.0;31.99145299145299;31.99145299145299;32.0;32.0;1;1
100.121;0.0;0.0;0.0;31.99145299145299;31.99145299145299;32.0;32.0;1;1
100.229;0.0;0.0;0.0;31.99145299145299;31.99145299145299;32.0;32.0;1;1
100.339;0.0;0.0;0.0;31.99145299145299;31.99145299145299;32.0;32.0;1;1
100.454;0.0;0.0;0.0;31.99145299145299;31.99145299145299;32.0;32.0;1;1
100.566;0.0;0.0;0.0;31.99145299145299;31.99145299145299;32.0;32.0;1;1
100.675;0.0;0.0;0.0;31.99145299145299;31.99145299145299;32.0;32.0;1;1
100.785;0.0;0.0;0.0;31.99145299145299;31.99145299145299;32.0;32.0;1;1
100.898;0.0;0.0;0.0;31.99145299145299;31.99145299145299;32.0;32.0;1;1
101.013;0.0;0.0;0.0;31.99145299145299;31.99145299145299;32.0;32.0;1;1
101.12;0.0;0.0;0.0;31.99145299145299;31.99145299145299;32.0;32.0;1;1
101.236;0.0;0.0;0.0;31.99145299145299;31.99145299145299;32.0;32.0;1;1
101.344;0.0;0.0;0.0;31.99145299145299;31.99145299145299;32.0;32.0;1;1
101.458;0.0;0.0;0.0;31.99145299145299;31.99145299145299;32.0;32.0;1;1
101.566;0.0;0.0;0.0;31.99145299145299;31.99145299145299;32.0;32.0;1;1
101.677;0.0;0.0;0.0;31.99145299145299;31.99145299145299;32.0;32.0;1;1
101.79;0.0;0.0;0.0;31.99145299145299;31.99145299145299;32.0;32.0;1;1
101.899;0.0;0.0;0.0;31.99145299145299;31.99145299145299;32.0;32.0;1;1
102.014;0.0;0.0;0.0;31.99145299145299;31.99145299145299;32.0;32.0;1;1
102.125;0.0475;0.0;0.0;31.99145299145299;31.99145299145299;32.0;32.0;1;1
102.236;0.525;0.0;0.0;31.99145299145299;31.99145299145299;32.0;32.0;1;1
102.352;1.285;0.0;0.0;31.99145299145299;31.99145299145299;32.0;32.0;1;1
102.458;1.79625;0.0;0.0;31.99145299145299;31.99145299145299;32.0;32.0;1;1
102.569;2.30125;0.0;0.0;31.99145299145299;31.99145299145299;32.0;32.0;1;1
102.677;2.8125;0.0;0.0;31.99145299145299;31.99145299145299;32.0;32.0;1;1
102.79;3.32125;0.0;0.0;31.99145299145299;31.99145299145299;32.0;32.0;1;1
102.899;4.08;0.0;0.0;31.99145299145299;31.99145299145299;32.0;32.0;1;1
103.013;4.58875;0.0;0.0;31.99145299145299;31.99145299145299;32.0;32.0;1;1
103.122;4.99375;0.0;0.0;31.99145299145299;31.99145299145299;32.0;32.0;1;1
103.224;5.0;0.0;0.0;31.99145299145299;31.99145299145299;32.0;32.0;1;1
103.327;5.0;0.0;0.0;31.99145299145299;31.99145299145299;32.0;32.0;1;1
103.438;5.0;0.0;0.0;31.99145299145299;31.99145299145299;32.0;32.0;1;1
103.55;5.0;0.0;0.0;31.99145299145299;31.99145299145299;32.0;32.0;1;1
103.66;5.0;0.0;0.0;31.99145299145299;31.99145299145299;32.0;32.0;1;1
103.778;5.0;0.0;0.0;31.99145299145299;31.99145299145299;32.0;32.0;1;1
103.887;5.0;0.0;0.0;31.99145299145299;31.99145299145299;32.0;32.0;1;1
103.991;5.0;0.0;0.0;31.99145299145299;31.99145299145299;32.0;32.0;1;1
104.092;5.0;0.0;0.0;31.99145299145299;31.99145299145299;32.0;32.0;1;1
104.201;5.0;0.0;0.0;31.99145299145299;31.99145299145299;32.0;32.0;1;1
104.313;5.0;0.0;0.0;31.99145299145299;31.99145299145299;32.0;32.0;1;1
104.425;5.0;0.0;0.0;31.99145299145299;31.99145299145299;32.0;32.0;1;1
104.535;5.0;0.0;0.0;31.99145299145299;31.99145299145299;32.0;32.0;1;1
104.635;5.0;0.0;0.0;31.99145299145299;31.99145299145299;32.0;32.0;1;1
104.747;5.0;0.0;0.0;31.99145299145299;31.99145299145299;32.0;32.0;1;1
104.856;5.0;0.0;0.0;31.99145299145299;31.99145299145299;32.0;32.0;1;1
104.968;5.0;0.0;0.0;31.99145299145299;31.99145299145299;32.0;32.0;1;1
105.075;5.0;0.0;0.0;31.99145299145299;31.99145299145299;32.0;32.0;1;1
105.185;5.0;0.0;0.0;31.99145299145299;31.99145299145299;32.0;32.0;1;1
105.3;5.0;0.0;0.0;31.99145299145299;31.99145299145299;32.0;32.0;1;1
105.411;4.92875;0.0;0.0;31.99145299145299;31.99145299145299;32.0;32.0;1;1
105.521;4.44125;0.0;0.0;31.99145299145299;31.99145299145299;32.0;32.0;1;1
105.635;3.9325;0.0;0.0;31.99145299145299;31.99145299145299;32.0;32.0;1;1
105.741;3.42375;0.0;0.0;31.99145299145299;31.99145299145299;32.0;32.0;1;1
105.852;2.66625;0.0;0.0;31.99145299145299;31.99145299145299;32.0;32.0;1;1
105.965;2.1575;0.0;0.0;31.99145299145299;31.99145299145299;32.0;32.0;1;1
106.08;1.65625;0.0;0.0;31.99145299145299;31.99145299145299;32.0;32.0;1;1
106.186;1.14875;0.0;0.0;31.99145299145299;31.99145299145299;32.0;32.0;1;1
106.302;0.64125;0.0;0.0;31.99145299145299;31.99145299145299;32.0;32.0;1;1
106.411;0.0025;0.0;0.0;31.99145299145299;31.99145299145299;32.0;32.0;1;1
106.524;0.0;0.0;0.0;31.99145299145299;31.99145299145299;32.0;32.0;1;1
106.625;0.0;0.0;0.0;31.99145299145299;31.99145299145299;32.0;32.0;1;1
106.735;0.0;0.0;0.0;31.99145299145299;31.99145299145299;32.0;32.0;1;1
106.837;0.0;0.0;0.0;31.99145299145299;31.99145299145299;32.0;32.0;1;1
106.939;0.0;0.0;0.0;31.99145299145299;31.99145299145299;32.0;32.0;1;1
107.039;0.0;0.0;0.0;31.99145299145299;31.99145299145299;32.0;32.0;1;1
107.152;0.0;0.0;0.0;31.99145299145299;31.99145299145299;32.0;32.0;1;1
107.252;0.0;0.0;0.0;31.99145299145299;31.99145299145299;32.0;32.0;1;1
107.356;0.0;0.0;0.0;31.99145299145299;31.99145299145299;32.0;32.0;1;1
107.458;0.0;0.0;0.0;31.99145299145299;31.99145299145299;32.0;32.0;1;1
107.561;0.0;0.0;0.0;31.99145299145299;31.99145299145299;32.0;32.0;1;1
107.671;0.0;0.0;0.0;31.99145299145299;31.99145299145299;32.0;32.0;1;1
107.772;0.0;0.0;0.0;31.99145299145299;31.99145299145299;32.0;32.0;1;1
107.872;0.0;0.0;0.0;31.99145299145299;31.99145299145299;32.0;32.0;1;1
107.975;0.0;0.0;0.0;31.99145299145299;31.99145299145299;32.0;32.0;1;1
108.076;0.0;0.0;0.0;31.99145299145299;31.99145299145299;32.0;32.0;1;1
108.19;0.0;0.0;0.0;31.99145299145299;31.99145299145299;32.0;32.0;1;1
108.29;0.0;0.0;0.0;31.99145299145299;31.99145299145299;32.0;32.0;1;1
108.397;0.0;0.0;0.0;31.99145299145299;31.99145299145299;32.0;32.0;1;1
108.509;0.0;0.0;0.0;31.99145299145299;31.99145299145299;32.0;32.0;1;1
108.625;0.0;0.0;0.0;31.99145299145299;31.99145299145299;32.0;32.0;1;1
108.742;0.0;0.0;0.0;31.99145299145299;31.99145299145299;32.0;32.0;1;1
108.843;0.0;0.0;0.0;31.99145299145299;31.99145299145299;32.0;32.0;1;1
108.95;0.0;0.0;0.0;31.99145299145299;31.99145299145299;32.0;32.0;1;1
109.066;0.0;0.0;0.0;31.99145299145299;31.99145299145299;32.0;32.0;1;1
109.189;0.0;0.0;0.0;31.99145299145299;31.99145299145299;32.0;32.0;1;1
109.299;0.0;0.0;0.0;31.99145299145299;31.99145299145299;32.0;32.0;1;1
109.423;0.0;0.0;0.0;31.99145299145299;31.99145299145299;32.0;32.0;1;1
109.524;0.0;0.0;0.0;31.99145299145299;31.99145299145299;32.0;32.0;1;1
109.627;0.0;0.0;0.0;31.99145299145299;31.99145299145299;32.0;32.0;1;1
109.744;0.0;0.0;0.0;31.99145299145299;31.99145299145299;32.0;32.0;1;1
109.864;0.0;0.0;0.0;31.99145299145299;31.99145299145299;32.0;32.0;1;1
109.971;0.0;0.0;0.0;31.99145299145299;31.99145299145299;32.0;32.0;1;1
110.084;0.0;0.0;0.0;31.99145299145299;31.99145299145299;32.0;32.0;1;1
110.198;0.0;0.0;0.0;31.99145299145299;31.99145299145299;32.0;32.0;1;1
110.31;0.0;0.0;0.0;31.99145299145299;31.99145299145299;32.0;32.0;1;1
110.411;0.0;0.0;0.0;31.99145299145299;31.99145299145299;32.0;32.0;1;1
110.528;0.0;0.0;0.0;31.99145299145299;31.99145299145299;32.0;32.0;1;1
110.637;0.0;0.0;0.0;31.99145299145299;31.99145299145299;32.0;32.0;1;1
110.748;0.0;0.0;0.0;31.99145299145299;31.99145299145299;32.0;32.0;1;1
110.854;0.0;0.0;0.0;31.99145299145299;31.99145299145299;32.0;32.0;1;1
